NSC	15.1103
RSC	1.16517
RLSC	13.1101
Estimated fragment length	174
Background enrichment	0.0293362
Background uniformity	0.874042
Strand shift	Jaccard index	Proportion	per 10M reads for 100Mbp len	per control
-500	0.0171919	0.000438805	0.249799	8.51506
-499	0.0172388	0.000440003	0.250481	8.53831
-498	0.0172998	0.000441559	0.251367	8.56852
-497	0.017225	0.000439649	0.25028	8.53144
-496	0.0172858	0.000441201	0.251163	8.56155
-495	0.0172735	0.000440888	0.250985	8.55549
-494	0.0172945	0.000441424	0.25129	8.56589
-493	0.0173281	0.000442282	0.251779	8.58255
-492	0.0173785	0.000443568	0.252511	8.6075
-491	0.0173351	0.000442461	0.251881	8.58602
-490	0.0173732	0.000443433	0.252434	8.60488
-489	0.0173922	0.000443917	0.252709	8.61426
-488	0.0173703	0.00044336	0.252392	8.60345
-487	0.0174191	0.000444605	0.253101	8.62762
-486	0.0174378	0.000445082	0.253373	8.63688
-485	0.0174353	0.000445019	0.253337	8.63565
-484	0.0174499	0.00044539	0.253548	8.64286
-483	0.0175205	0.000447193	0.254575	8.67784
-482	0.0175213	0.000447213	0.254586	8.67823
-481	0.0174996	0.000446658	0.25427	8.66746
-480	0.0174722	0.000445959	0.253872	8.6539
-479	0.0175153	0.000447059	0.254498	8.67523
-478	0.0174968	0.000446586	0.254229	8.66607
-477	0.0175196	0.00044717	0.254561	8.67738
-476	0.0175282	0.000447388	0.254685	8.68162
-475	0.0175869	0.000448888	0.255539	8.71072
-474	0.0175799	0.000448709	0.255437	8.70725
-473	0.017586	0.000448864	0.255525	8.71026
-472	0.0176082	0.00044943	0.255848	8.72124
-471	0.0176635	0.000450842	0.256652	8.74865
-470	0.017594	0.000449069	0.255642	8.71424
-469	0.0176357	0.000450133	0.256248	8.73489
-468	0.0176718	0.000451054	0.256773	8.75277
-467	0.017674	0.000451111	0.256805	8.75387
-466	0.0177199	0.000452282	0.257472	8.7766
-465	0.0177269	0.00045246	0.257573	8.78005
-464	0.0177401	0.000452798	0.257765	8.78661
-463	0.0177855	0.000453956	0.258425	8.80908
-462	0.0178197	0.00045483	0.258922	8.82603
-461	0.0177465	0.000452961	0.257858	8.78978
-460	0.0177797	0.000453809	0.258341	8.80623
-459	0.0178091	0.000454559	0.258768	8.82078
-458	0.0177945	0.000454186	0.258555	8.81354
-457	0.0177859	0.000453966	0.25843	8.80927
-456	0.0178159	0.000454732	0.258866	8.82414
-455	0.0178373	0.000455277	0.259177	8.83471
-454	0.0178159	0.000454731	0.258866	8.82411
-453	0.0178469	0.000455524	0.259317	8.83951
-452	0.0178427	0.000455417	0.259256	8.83742
-451	0.0179311	0.000457672	0.26054	8.88119
-450	0.0179226	0.000457454	0.260416	8.87696
-449	0.0178936	0.000456714	0.259995	8.8626
-448	0.0179026	0.000456945	0.260126	8.86707
-447	0.0180076	0.000459626	0.261652	8.9191
-446	0.0179721	0.000458718	0.261135	8.90148
-445	0.0180131	0.000459766	0.261732	8.92181
-444	0.0179632	0.000458493	0.261007	8.89711
-443	0.0179727	0.000458733	0.261144	8.90178
-442	0.0180254	0.000460079	0.26191	8.92789
-441	0.0180689	0.00046119	0.262543	8.94946
-440	0.0180806	0.000461487	0.262712	8.95522
-439	0.018066	0.000461115	0.2625	8.948
-438	0.0180936	0.000461819	0.262901	8.96166
-437	0.0180839	0.000461572	0.26276	8.95686
-436	0.0180433	0.000460536	0.26217	8.93676
-435	0.0181223	0.000462553	0.263318	8.9759
-434	0.0181358	0.000462898	0.263515	8.9826
-433	0.0181219	0.000462543	0.263313	8.97571
-432	0.0181393	0.000462987	0.263565	8.98432
-431	0.0181687	0.000463737	0.263993	8.99888
-430	0.0181678	0.000463715	0.26398	8.99844
-429	0.0181388	0.000462975	0.263559	8.98409
-428	0.0182176	0.000464985	0.264703	9.02309
-427	0.0181898	0.000464275	0.264299	9.00933
-426	0.018297	0.000467011	0.265856	9.06241
-425	0.0182295	0.000465289	0.264876	9.02899
-424	0.0183036	0.00046718	0.265953	9.06569
-423	0.0183005	0.0004671	0.265907	9.06414
-422	0.0182531	0.00046589	0.265218	9.04066
-421	0.0182866	0.000466746	0.265705	9.05727
-420	0.018329	0.000467829	0.266322	9.07828
-419	0.0183329	0.000467929	0.266379	9.08021
-418	0.0183834	0.000469217	0.267112	9.10522
-417	0.0183642	0.000468728	0.266834	9.09573
-416	0.0183601	0.000468622	0.266773	9.09367
-415	0.0183412	0.000468139	0.266498	9.08429
-414	0.0183825	0.000469195	0.2671	9.10479
-413	0.0184296	0.000470397	0.267784	9.12812
-412	0.0184485	0.00047088	0.268059	9.13748
-411	0.018421	0.000470176	0.267658	9.12383
-410	0.0184564	0.00047108	0.268173	9.14137
-409	0.0184929	0.000472012	0.268703	9.15945
-408	0.0184278	0.000470351	0.267758	9.12723
-407	0.0185326	0.000473025	0.26928	9.17911
-406	0.0185503	0.000473477	0.269537	9.18788
-405	0.0185159	0.0004726	0.269038	9.17086
-404	0.0185151	0.000472578	0.269026	9.17045
-403	0.0185485	0.000473431	0.269511	9.18699
-402	0.0185426	0.000473281	0.269425	9.18407
-401	0.0185516	0.000473509	0.269556	9.18851
-400	0.0186057	0.000474891	0.270342	9.21531
-399	0.0185895	0.000474478	0.270107	9.20731
-398	0.0186094	0.000474984	0.270395	9.21713
-397	0.01866	0.000476277	0.271131	9.24223
-396	0.018648	0.000475971	0.270957	9.23628
-395	0.0186527	0.000476092	0.271026	9.23862
-394	0.0186545	0.000476137	0.271051	9.2395
-393	0.0186687	0.000476499	0.271258	9.24653
-392	0.0186556	0.000476164	0.271067	9.24002
-391	0.0186657	0.000476423	0.271214	9.24506
-390	0.0187248	0.000477931	0.272073	9.27432
-389	0.0187268	0.000477982	0.272102	9.2753
-388	0.0187355	0.000478204	0.272228	9.27961
-387	0.0187755	0.000479224	0.272809	9.2994
-386	0.0187857	0.000479484	0.272957	9.30445
-385	0.0187214	0.000477845	0.272024	9.27264
-384	0.0187924	0.000479656	0.273055	9.30779
-383	0.0187752	0.000479217	0.272805	9.29926
-382	0.0188342	0.000480724	0.273663	9.32851
-381	0.0188204	0.000480371	0.273461	9.32165
-380	0.0188542	0.000481234	0.273953	9.3384
-379	0.0188618	0.000481427	0.274063	9.34215
-378	0.0188368	0.000480788	0.273699	9.32976
-377	0.0189215	0.000482952	0.274931	9.37175
-376	0.0189498	0.000483674	0.275342	9.38575
-375	0.018913	0.000482734	0.274807	9.36751
-374	0.018917	0.000482836	0.274865	9.3695
-373	0.0189564	0.000483842	0.275438	9.38901
-372	0.018932	0.00048322	0.275084	9.37695
-371	0.0189245	0.000483028	0.274974	9.37322
-370	0.0189697	0.00048418	0.27563	9.39559
-369	0.01902	0.000485465	0.276362	9.42052
-368	0.0189786	0.00048441	0.275761	9.40003
-367	0.0190402	0.000485982	0.276656	9.43054
-366	0.0190262	0.000485623	0.276451	9.42357
-365	0.0190527	0.0004863	0.276837	9.43672
-364	0.019052	0.000486282	0.276827	9.43637
-363	0.0190919	0.000487301	0.277407	9.45614
-362	0.0190439	0.000486075	0.276709	9.43235
-361	0.0190634	0.000486573	0.276993	9.44202
-360	0.0190798	0.000486993	0.277231	9.45016
-359	0.0190729	0.000486815	0.27713	9.44672
-358	0.0191586	0.000489003	0.278376	9.48918
-357	0.0190958	0.000487401	0.277464	9.45808
-356	0.0191185	0.00048798	0.277793	9.46932
-355	0.0191708	0.000489316	0.278554	9.49524
-354	0.0191597	0.00048903	0.278391	9.48969
-353	0.0192143	0.000490425	0.279185	9.51676
-352	0.0192013	0.000490093	0.278996	9.51033
-351	0.0191645	0.000489155	0.278462	9.49211
-350	0.0192331	0.000490905	0.279459	9.52608
-349	0.0191991	0.000490037	0.278964	9.50923
-348	0.0191916	0.000489845	0.278855	9.5055
-347	0.0192557	0.000491481	0.279786	9.53725
-346	0.0192699	0.000491844	0.279993	9.5443
-345	0.0192479	0.000491283	0.279674	9.53341
-344	0.0192832	0.000492184	0.280187	9.5509
-343	0.019252	0.000491387	0.279733	9.53543
-342	0.0192833	0.000492186	0.280188	9.55094
-341	0.0193283	0.000493334	0.280841	9.57321
-340	0.0193404	0.000493644	0.281018	9.57924
-339	0.0193672	0.000494327	0.281407	9.59248
-338	0.019393	0.000494986	0.281781	9.60526
-337	0.0193695	0.000494385	0.28144	9.59361
-336	0.0193594	0.000494129	0.281294	9.58864
-335	0.0194156	0.000495562	0.28211	9.61645
-334	0.0193923	0.000494967	0.281771	9.6049
-333	0.0194123	0.000495479	0.282062	9.61484
-332	0.0194433	0.00049627	0.282512	9.63018
-331	0.0194376	0.000496123	0.282429	9.62733
-330	0.0194832	0.000497287	0.283092	9.64992
-329	0.0194432	0.000496267	0.282511	9.63013
-328	0.0195317	0.000498527	0.283797	9.67398
-327	0.0194752	0.000497083	0.282976	9.64597
-326	0.019473	0.000497029	0.282945	9.64491
-325	0.0195418	0.000498784	0.283944	9.67898
-324	0.0195627	0.000499317	0.284247	9.68931
-323	0.0194897	0.000497454	0.283187	9.65316
-322	0.0195999	0.000500266	0.284787	9.70773
-321	0.0195304	0.000498493	0.283778	9.67331
-320	0.0195593	0.000499232	0.284199	9.68766
-319	0.0195901	0.000500017	0.284646	9.7029
-318	0.019619	0.000500755	0.285066	9.71722
-317	0.0196507	0.000501563	0.285525	9.73289
-316	0.0196029	0.000500344	0.284832	9.70924
-315	0.0196786	0.000502274	0.285931	9.7467
-314	0.0196498	0.000501541	0.285513	9.73246
-313	0.019682	0.000502362	0.285981	9.7484
-312	0.0197576	0.000504291	0.287079	9.78583
-311	0.0196649	0.000501926	0.285732	9.73994
-310	0.0197185	0.000503293	0.286511	9.76647
-309	0.0197408	0.000503863	0.286835	9.77752
-308	0.0197451	0.000503974	0.286898	9.77967
-307	0.0197004	0.000502833	0.286249	9.75753
-306	0.0197684	0.000504566	0.287235	9.79118
-305	0.0197652	0.000504485	0.287189	9.7896
-304	0.0198177	0.000505826	0.287953	9.81563
-303	0.0198163	0.000505791	0.287933	9.81494
-302	0.0197946	0.000505236	0.287617	9.80417
-301	0.0197989	0.000505347	0.28768	9.80632
-300	0.0197848	0.000504987	0.287475	9.79933
-299	0.0198662	0.000507064	0.288657	9.83964
-298	0.0198627	0.000506975	0.288607	9.83792
-297	0.019852	0.000506702	0.288451	9.83262
-296	0.0198354	0.000506278	0.28821	9.8244
-295	0.0198659	0.000507056	0.288653	9.83948
-294	0.0198858	0.000507563	0.288942	9.84933
-293	0.0198895	0.000507659	0.288996	9.85119
-292	0.019948	0.000509151	0.289846	9.88015
-291	0.0199565	0.000509369	0.28997	9.88438
-290	0.0199343	0.000508803	0.289647	9.87339
-289	0.0199523	0.000509262	0.289909	9.88229
-288	0.01999	0.000510223	0.290456	9.90095
-287	0.0200107	0.000510753	0.290757	9.91123
-286	0.0199971	0.000510405	0.290559	9.90447
-285	0.0200082	0.000510689	0.290721	9.90999
-284	0.0200163	0.000510896	0.290839	9.914
-283	0.0200225	0.000511054	0.290929	9.91707
-282	0.0200994	0.000513016	0.292045	9.95513
-281	0.020077	0.000512443	0.291719	9.94402
-280	0.0200469	0.000511675	0.291282	9.92912
-279	0.0200435	0.00051159	0.291234	9.92747
-278	0.0200441	0.000511604	0.291242	9.92774
-277	0.0201006	0.000513046	0.292063	9.95573
-276	0.0201046	0.000513148	0.292121	9.95771
-275	0.020119	0.000513517	0.292331	9.96486
-274	0.0201124	0.000513347	0.292234	9.96157
-273	0.0200616	0.000512052	0.291497	9.93644
-272	0.0201219	0.000513592	0.292373	9.96631
-271	0.0201792	0.000515052	0.293205	9.99466
-270	0.0201472	0.000514237	0.292741	9.97883
-269	0.020165	0.000514691	0.292999	9.98765
-268	0.0201315	0.000513836	0.292512	9.97105
-267	0.0201412	0.000514084	0.292653	9.97586
-266	0.0202368	0.000516522	0.294042	10.0232
-265	0.0201918	0.000515375	0.293388	10.0009
-264	0.0201787	0.000515041	0.293198	9.99444
-263	0.0203238	0.000518744	0.295307	10.0663
-262	0.0201836	0.000515166	0.293269	9.99686
-261	0.0202801	0.000517629	0.294672	10.0447
-260	0.0202654	0.000517254	0.294458	10.0374
-259	0.02026	0.000517116	0.29438	10.0347
-258	0.0202519	0.000516909	0.294262	10.0307
-257	0.0203324	0.000518963	0.295431	10.0706
-256	0.0203144	0.000518504	0.29517	10.0616
-255	0.0202861	0.000517781	0.294758	10.0476
-254	0.0203418	0.000519203	0.295568	10.0752
-253	0.0203469	0.000519334	0.295642	10.0777
-252	0.0203671	0.000519848	0.295935	10.0877
-251	0.0203497	0.000519405	0.295683	10.0791
-250	0.0204002	0.000520694	0.296416	10.1041
-249	0.0203254	0.000518784	0.295329	10.0671
-248	0.0203848	0.0005203	0.296192	10.0965
-247	0.0203994	0.000520672	0.296404	10.1037
-246	0.0204198	0.000521195	0.296701	10.1138
-245	0.0203652	0.000519799	0.295907	10.0868
-244	0.0204228	0.000521271	0.296745	10.1153
-243	0.0204574	0.000522154	0.297248	10.1325
-242	0.0204503	0.000521972	0.297144	10.1289
-241	0.02046	0.000522219	0.297285	10.1337
-240	0.020465	0.000522347	0.297357	10.1362
-239	0.020506	0.000523394	0.297953	10.1565
-238	0.0204704	0.000522484	0.297436	10.1389
-237	0.0204957	0.000523132	0.297805	10.1514
-236	0.0204988	0.000523211	0.297849	10.153
-235	0.0205689	0.000524999	0.298867	10.1877
-234	0.0205259	0.000523903	0.298243	10.1664
-233	0.0205246	0.000523869	0.298224	10.1657
-232	0.0205227	0.000523821	0.298197	10.1648
-231	0.0205699	0.000525025	0.298882	10.1882
-230	0.0206019	0.000525842	0.299347	10.204
-229	0.0206366	0.000526727	0.299851	10.2212
-228	0.020605	0.00052592	0.299392	10.2055
-227	0.020641	0.00052684	0.299915	10.2234
-226	0.0206173	0.000526235	0.299571	10.2117
-225	0.0206636	0.000527417	0.300244	10.2346
-224	0.0206684	0.000527539	0.300313	10.237
-223	0.0206547	0.000527189	0.300114	10.2302
-222	0.020709	0.000528575	0.300903	10.2571
-221	0.0206166	0.000526217	0.299561	10.2113
-220	0.0206741	0.000527684	0.300396	10.2398
-219	0.0207044	0.000528457	0.300836	10.2548
-218	0.0207323	0.000529171	0.301242	10.2686
-217	0.0207054	0.000528482	0.30085	10.2553
-216	0.020737	0.00052929	0.30131	10.2709
-215	0.0207669	0.000530052	0.301744	10.2857
-214	0.0207294	0.000529096	0.3012	10.2672
-213	0.0207379	0.000529314	0.301323	10.2714
-212	0.0207567	0.000529794	0.301597	10.2807
-211	0.020782	0.000530438	0.301964	10.2932
-210	0.0207681	0.000530083	0.301761	10.2863
-209	0.0207782	0.000530342	0.301909	10.2914
-208	0.0208093	0.000531134	0.30236	10.3067
-207	0.0207657	0.000530022	0.301727	10.2851
-206	0.0208205	0.000531422	0.302524	10.3123
-205	0.0208631	0.000532507	0.303142	10.3334
-204	0.0208479	0.00053212	0.302921	10.3259
-203	0.0209145	0.00053382	0.303889	10.3588
-202	0.0208998	0.000533445	0.303675	10.3516
-201	0.0208488	0.000532143	0.302934	10.3263
-200	0.0208911	0.000533224	0.30355	10.3473
-199	0.0209	0.000533451	0.303679	10.3517
-198	0.0209109	0.00053373	0.303838	10.3571
-197	0.0208969	0.000533372	0.303634	10.3501
-196	0.0209881	0.0005357	0.304959	10.3953
-195	0.0209721	0.000535291	0.304726	10.3874
-194	0.0210073	0.000536189	0.305237	10.4048
-193	0.0209008	0.000533471	0.30369	10.3521
-192	0.0210194	0.000536497	0.305413	10.4108
-191	0.0209715	0.000535276	0.304717	10.3871
-190	0.0210242	0.00053662	0.305482	10.4132
-189	0.0209664	0.000535146	0.304644	10.3846
-188	0.0210375	0.00053696	0.305676	10.4198
-187	0.0210617	0.000537577	0.306027	10.4317
-186	0.0209815	0.00053553	0.304862	10.392
-185	0.0210013	0.000536035	0.30515	10.4018
-184	0.0210721	0.000537843	0.306179	10.4369
-183	0.0210634	0.00053762	0.306052	10.4326
-182	0.0210728	0.000537862	0.30619	10.4373
-181	0.021148	0.000539779	0.307281	10.4745
-180	0.0211087	0.000538777	0.306711	10.455
-179	0.0211335	0.000539409	0.307071	10.4673
-178	0.0211248	0.000539188	0.306945	10.463
-177	0.0211908	0.000540873	0.307904	10.4957
-176	0.0211508	0.000539853	0.307323	10.4759
-175	0.0212158	0.000541511	0.308267	10.5081
-174	0.0211898	0.000540848	0.30789	10.4952
-173	0.0211931	0.000540931	0.307937	10.4968
-172	0.0212472	0.000542314	0.308724	10.5237
-171	0.0211696	0.000540331	0.307595	10.4852
-170	0.0211546	0.000539948	0.307377	10.4778
-169	0.0212363	0.000542035	0.308566	10.5183
-168	0.0212852	0.000543283	0.309276	10.5425
-167	0.0212578	0.000542582	0.308877	10.5289
-166	0.0212876	0.000543343	0.30931	10.5436
-165	0.0213271	0.000544351	0.309884	10.5632
-164	0.0212623	0.000542697	0.308942	10.5311
-163	0.0213432	0.000544762	0.310117	10.5712
-162	0.0213147	0.000544035	0.309704	10.5571
-161	0.021316	0.000544068	0.309723	10.5577
-160	0.0213154	0.000544053	0.309714	10.5574
-159	0.0213762	0.000545604	0.310597	10.5875
-158	0.0213076	0.000543853	0.3096	10.5535
-157	0.0213706	0.000545461	0.310516	10.5847
-156	0.0213861	0.000545857	0.310741	10.5924
-155	0.0214267	0.000546894	0.311331	10.6125
-154	0.0214028	0.000546283	0.310983	10.6007
-153	0.0213994	0.000546196	0.310934	10.599
-152	0.0214222	0.000546778	0.311265	10.6103
-151	0.0214423	0.000547291	0.311558	10.6203
-150	0.0214	0.000546212	0.310943	10.5993
-149	0.0214208	0.000546744	0.311246	10.6096
-148	0.0214996	0.000548755	0.312391	10.6487
-147	0.0214688	0.00054797	0.311944	10.6334
-146	0.0214959	0.000548661	0.312337	10.6468
-145	0.0214491	0.000547466	0.311657	10.6237
-144	0.0215504	0.000550051	0.313129	10.6738
-143	0.0215117	0.000549062	0.312566	10.6546
-142	0.0215094	0.000549005	0.312533	10.6535
-141	0.0215317	0.000549575	0.312858	10.6646
-140	0.0215089	0.000548992	0.312526	10.6533
-139	0.021549	0.000550015	0.313108	10.6731
-138	0.0215551	0.000550171	0.313197	10.6761
-137	0.0216521	0.000552648	0.314607	10.7242
-136	0.0215724	0.000550612	0.313448	10.6847
-135	0.0215747	0.000550672	0.313482	10.6859
-134	0.021663	0.000552925	0.314765	10.7296
-133	0.0216063	0.000551479	0.313942	10.7015
-132	0.0216657	0.000552995	0.314805	10.7309
-131	0.0216105	0.000551584	0.314001	10.7036
-130	0.0216584	0.000552809	0.314699	10.7273
-129	0.0217151	0.000554255	0.315522	10.7554
-128	0.0217174	0.000554314	0.315556	10.7565
-127	0.0217237	0.000554475	0.315647	10.7597
-126	0.0216942	0.000553722	0.315219	10.7451
-125	0.0217673	0.000555587	0.31628	10.7812
-124	0.0217892	0.000556145	0.316598	10.7921
-123	0.0217559	0.000555297	0.316115	10.7756
-122	0.0217322	0.000554691	0.31577	10.7639
-121	0.0217962	0.000556325	0.3167	10.7956
-120	0.0218087	0.000556645	0.316882	10.8018
-119	0.0218064	0.000556585	0.316848	10.8006
-118	0.0217968	0.000556339	0.316708	10.7958
-117	0.0218404	0.000557454	0.317343	10.8175
-116	0.0218645	0.000558069	0.317693	10.8294
-115	0.0218547	0.000557819	0.317551	10.8245
-114	0.0218428	0.000557513	0.317377	10.8186
-113	0.0218544	0.000557809	0.317545	10.8244
-112	0.0218635	0.000558043	0.317679	10.8289
-111	0.021907	0.000559153	0.31831	10.8504
-110	0.021923	0.000559562	0.318543	10.8584
-109	0.0219579	0.000560451	0.319049	10.8756
-108	0.0219702	0.000560767	0.319229	10.8818
-107	0.02192	0.000559484	0.318499	10.8569
-106	0.0219793	0.000560997	0.31936	10.8862
-105	0.0219816	0.000561056	0.319393	10.8874
-104	0.02198	0.000561016	0.319371	10.8866
-103	0.0220206	0.000562052	0.319961	10.9067
-102	0.0219904	0.000561281	0.319522	10.8917
-101	0.0221059	0.00056423	0.3212	10.949
-100	0.0220049	0.000561652	0.319733	10.8989
-99	0.0220258	0.000562184	0.320036	10.9093
-98	0.0221198	0.000564585	0.321402	10.9558
-97	0.0221001	0.000564081	0.321115	10.9461
-96	0.022108	0.000564285	0.321231	10.95
-95	0.0220769	0.000563489	0.320778	10.9346
-94	0.0221611	0.000565638	0.322002	10.9763
-93	0.0220998	0.000564075	0.321112	10.9459
-92	0.0221508	0.000565375	0.321852	10.9712
-91	0.0221934	0.000566464	0.322472	10.9923
-90	0.0221988	0.0005666	0.32255	10.995
-89	0.02225	0.000567908	0.323294	11.0203
-88	0.0222609	0.000568186	0.323453	11.0257
-87	0.0222257	0.000567288	0.322941	11.0083
-86	0.0222453	0.000567789	0.323226	11.018
-85	0.0222449	0.000567777	0.32322	11.0178
-84	0.0222922	0.000568985	0.323907	11.0412
-83	0.0223893	0.000571463	0.325318	11.0893
-82	0.0223238	0.000569792	0.324367	11.0569
-81	0.0223451	0.000570334	0.324675	11.0674
-80	0.0223586	0.000570679	0.324871	11.0741
-79	0.0224134	0.000572079	0.325668	11.1013
-78	0.0223517	0.000570503	0.324771	11.0707
-77	0.0224007	0.000571753	0.325483	11.0949
-76	0.0224047	0.000571857	0.325542	11.097
-75	0.0224157	0.000572136	0.325701	11.1024
-74	0.0224592	0.000573248	0.326334	11.1239
-73	0.0225002	0.000574293	0.326929	11.1442
-72	0.0224889	0.000574004	0.326765	11.1386
-71	0.0224951	0.000574164	0.326856	11.1417
-70	0.0224885	0.000573995	0.326759	11.1385
-69	0.0225735	0.000576164	0.327994	11.1805
-68	0.0225883	0.000576543	0.32821	11.1879
-67	0.022585	0.000576457	0.328161	11.1862
-66	0.0226269	0.000577527	0.32877	11.207
-65	0.0226492	0.000578098	0.329095	11.2181
-64	0.0226807	0.0005789	0.329552	11.2336
-63	0.0226866	0.000579052	0.329638	11.2366
-62	0.0227122	0.000579704	0.330009	11.2492
-61	0.0226822	0.000578938	0.329573	11.2344
-60	0.0227311	0.000580188	0.330285	11.2586
-59	0.0227202	0.000579909	0.330126	11.2532
-58	0.0227751	0.000581311	0.330924	11.2804
-57	0.0227872	0.000581619	0.331099	11.2864
-56	0.0227964	0.000581853	0.331233	11.2909
-55	0.022853	0.000583298	0.332055	11.319
-54	0.0229062	0.000584656	0.332828	11.3453
-53	0.0228497	0.000583215	0.332008	11.3174
-52	0.0229183	0.000584965	0.333004	11.3513
-51	0.0229197	0.000585	0.333024	11.352
-50	0.0229771	0.000586466	0.333859	11.3804
-49	0.0229791	0.000586517	0.333888	11.3814
-48	0.0230167	0.000587478	0.334435	11.4001
-47	0.0230044	0.000587164	0.334256	11.394
-46	0.0230087	0.000587272	0.334317	11.3961
-45	0.0231017	0.000589647	0.33567	11.4422
-44	0.0230526	0.000588394	0.334956	11.4179
-43	0.0230841	0.000589197	0.335414	11.4335
-42	0.0231744	0.000591501	0.336725	11.4782
-41	0.0231824	0.000591707	0.336842	11.4822
-40	0.0231903	0.000591908	0.336957	11.486
-39	0.0232023	0.000592214	0.337131	11.492
-38	0.023278	0.000594147	0.338231	11.5295
-37	0.0232031	0.000592234	0.337142	11.4924
-36	0.0232842	0.000594304	0.338321	11.5325
-35	0.0233028	0.000594779	0.338591	11.5418
-34	0.0232884	0.000594413	0.338382	11.5347
-33	0.0233883	0.000596961	0.339833	11.5841
-32	0.0234054	0.000597398	0.340082	11.5926
-31	0.0234908	0.000599577	0.341323	11.6349
-30	0.0234891	0.000599534	0.341298	11.634
-29	0.0234296	0.000598015	0.340433	11.6046
-28	0.0235093	0.00060005	0.341591	11.644
-27	0.0235228	0.000600395	0.341788	11.6508
-26	0.0235681	0.000601551	0.342446	11.6732
-25	0.0235475	0.000601024	0.342146	11.6629
-24	0.0236047	0.000602485	0.342978	11.6913
-23	0.0236211	0.000602905	0.343217	11.6994
-22	0.0236682	0.000604105	0.3439	11.7227
-21	0.0237482	0.000606147	0.345063	11.7624
-20	0.0237599	0.000606446	0.345233	11.7682
-19	0.023763	0.000606527	0.345279	11.7697
-18	0.0237903	0.000607223	0.345675	11.7832
-17	0.0238317	0.00060828	0.346277	11.8038
-16	0.0238257	0.000608125	0.346189	11.8007
-15	0.0239202	0.000610539	0.347563	11.8476
-14	0.0239095	0.000610264	0.347406	11.8422
-13	0.0239171	0.000610458	0.347516	11.846
-12	0.023995	0.000612448	0.34865	11.8846
-11	0.0239829	0.000612139	0.348473	11.8786
-10	0.0240357	0.000613486	0.34924	11.9048
-9	0.0240201	0.000613087	0.349013	11.897
-8	0.0241139	0.000615483	0.350377	11.9435
-7	0.0241013	0.000615161	0.350194	11.9373
-6	0.0240942	0.000614979	0.35009	11.9337
-5	0.0240976	0.000615065	0.350139	11.9354
-4	0.024169	0.000616888	0.351177	11.9708
-3	0.0241874	0.000617358	0.351445	11.9799
-2	0.0243288	0.000620967	0.353499	12.0499
-1	0.0244769	0.000624748	0.355651	12.1233
0	0.0238586	0.000608966	0.346667	11.8171
1	0.0243395	0.000621241	0.353655	12.0553
2	0.0243098	0.000620481	0.353223	12.0405
3	0.0243536	0.000621601	0.35386	12.0622
4	0.0245371	0.000626283	0.356525	12.1531
5	0.0244348	0.000623672	0.355039	12.1024
6	0.0247098	0.000630692	0.359036	12.2387
7	0.0245851	0.000627509	0.357223	12.1769
8	0.0246098	0.00062814	0.357582	12.1891
9	0.0247224	0.000631012	0.359218	12.2449
10	0.0246191	0.000628377	0.357717	12.1937
11	0.0247729	0.000632302	0.359952	12.2699
12	0.0247596	0.000631962	0.359758	12.2633
13	0.0248057	0.00063314	0.360429	12.2862
14	0.0248838	0.000635132	0.361563	12.3248
15	0.0249483	0.00063678	0.362501	12.3568
16	0.0249489	0.000636795	0.362509	12.3571
17	0.0250487	0.000639342	0.363959	12.4065
18	0.0250452	0.000639252	0.363908	12.4048
19	0.0251193	0.000641143	0.364985	12.4415
20	0.0252337	0.000644063	0.366647	12.4981
21	0.0253045	0.000645872	0.367677	12.5332
22	0.0253033	0.000645839	0.367658	12.5326
23	0.0253527	0.0006471	0.368376	12.5571
24	0.0254926	0.000650673	0.37041	12.6264
25	0.0255992	0.000653391	0.371957	12.6791
26	0.0256386	0.000654397	0.37253	12.6987
27	0.0257791	0.000657985	0.374572	12.7683
28	0.0257917	0.000658306	0.374755	12.7745
29	0.0259369	0.000662011	0.376864	12.8464
30	0.0259454	0.000662229	0.376988	12.8506
31	0.0261233	0.000666769	0.379573	12.9387
32	0.0261792	0.000668195	0.380385	12.9664
33	0.0263779	0.000673268	0.383273	13.0649
34	0.0265313	0.000677183	0.385501	13.1408
35	0.0266416	0.000679998	0.387104	13.1954
36	0.0264693	0.000675601	0.384601	13.1101
37	0.026422	0.000674393	0.383913	13.0867
38	0.0263532	0.000672638	0.382914	13.0526
39	0.0262959	0.000671175	0.382081	13.0242
40	0.026327	0.00067197	0.382534	13.0397
41	0.0263303	0.000672052	0.38258	13.0413
42	0.0263474	0.000672489	0.382829	13.0497
43	0.0263094	0.00067152	0.382277	13.0309
44	0.0263205	0.000671804	0.382439	13.0364
45	0.0263318	0.000672092	0.382603	13.042
46	0.0262942	0.000671131	0.382056	13.0234
47	0.026328	0.000671994	0.382547	13.0401
48	0.0263812	0.000673352	0.38332	13.0665
49	0.0263615	0.000672851	0.383035	13.0568
50	0.0263711	0.000673095	0.383174	13.0615
51	0.0264066	0.000673999	0.383689	13.079
52	0.0264158	0.000674236	0.383824	13.0836
53	0.0264129	0.000674162	0.383782	13.0822
54	0.0264643	0.000675475	0.384529	13.1077
55	0.0264872	0.000676057	0.38486	13.119
56	0.0264567	0.000675279	0.384418	13.1039
57	0.0265287	0.000677117	0.385464	13.1395
58	0.0265551	0.000677792	0.385848	13.1526
59	0.026578	0.000678376	0.386181	13.164
60	0.0265738	0.000678268	0.386119	13.1619
61	0.0266036	0.00067903	0.386553	13.1767
62	0.0266933	0.000681319	0.387856	13.2211
63	0.0266893	0.000681216	0.387797	13.2191
64	0.0267149	0.000681869	0.388169	13.2317
65	0.0266728	0.000680794	0.387557	13.2109
66	0.0267914	0.000683821	0.38928	13.2696
67	0.0268005	0.000684053	0.389412	13.2741
68	0.0268569	0.000685495	0.390233	13.3021
69	0.0269482	0.000687823	0.391559	13.3473
70	0.0269916	0.000688933	0.39219	13.3688
71	0.0269071	0.000686775	0.390962	13.327
72	0.0269979	0.000689093	0.392281	13.3719
73	0.0270467	0.000690338	0.39299	13.3961
74	0.0271448	0.000692843	0.394416	13.4447
75	0.0271341	0.000692569	0.39426	13.4394
76	0.0271774	0.000693673	0.394889	13.4608
77	0.0272646	0.0006959	0.396156	13.504
78	0.0272699	0.000696035	0.396233	13.5066
79	0.0273837	0.00069894	0.397887	13.563
80	0.0274142	0.00069972	0.398331	13.5782
81	0.027473	0.000701219	0.399184	13.6073
82	0.0274909	0.000701676	0.399444	13.6161
83	0.0275337	0.000702768	0.400066	13.6373
84	0.0275597	0.000703431	0.400444	13.6502
85	0.0276037	0.000704556	0.401084	13.672
86	0.0276628	0.000706063	0.401942	13.7012
87	0.0277138	0.000707366	0.402683	13.7265
88	0.0277512	0.00070832	0.403227	13.745
89	0.0278309	0.000710353	0.404384	13.7845
90	0.0279017	0.000712161	0.405413	13.8196
91	0.027958	0.000713599	0.406232	13.8475
92	0.0279656	0.000713793	0.406342	13.8512
93	0.0280315	0.000715475	0.4073	13.8839
94	0.0280626	0.000716268	0.407751	13.8993
95	0.0281072	0.000717407	0.4084	13.9214
96	0.0281943	0.00071963	0.409665	13.9645
97	0.0281993	0.000719759	0.409738	13.967
98	0.0282806	0.000721833	0.41092	14.0073
99	0.0283012	0.000722359	0.411218	14.0175
100	0.0284039	0.00072498	0.412711	14.0683
101	0.0283363	0.000723255	0.411729	14.0349
102	0.0284539	0.000726255	0.413437	14.0931
103	0.0284967	0.000727348	0.414059	14.1143
104	0.0285409	0.000728477	0.414701	14.1362
105	0.0284941	0.000727283	0.414022	14.113
106	0.0286181	0.000730446	0.415822	14.1744
107	0.028702	0.000732589	0.417042	14.216
108	0.0287938	0.000734931	0.418376	14.2614
109	0.0287972	0.000735019	0.418426	14.2631
110	0.0288782	0.000737087	0.419603	14.3033
111	0.0288585	0.000736582	0.419316	14.2935
112	0.0288546	0.000736485	0.41926	14.2916
113	0.0289321	0.000738462	0.420386	14.3299
114	0.0290281	0.00074091	0.42178	14.3775
115	0.0290834	0.000742323	0.422584	14.4049
116	0.0291936	0.000745137	0.424186	14.4595
117	0.0291317	0.000743555	0.423285	14.4288
118	0.029215	0.000745681	0.424495	14.47
119	0.029274	0.000747188	0.425353	14.4993
120	0.0292984	0.00074781	0.425707	14.5113
121	0.0293351	0.000748748	0.426241	14.5296
122	0.0293991	0.00075038	0.42717	14.5612
123	0.0293691	0.000749615	0.426735	14.5464
124	0.0294247	0.000751035	0.427543	14.5739
125	0.0294855	0.000752586	0.428426	14.604
126	0.0295205	0.00075348	0.428935	14.6214
127	0.0295371	0.000753903	0.429176	14.6296
128	0.0295901	0.000755256	0.429946	14.6558
129	0.0296766	0.000757464	0.431203	14.6987
130	0.0296586	0.000757004	0.430941	14.6898
131	0.0297042	0.000758168	0.431604	14.7124
132	0.0297799	0.000760101	0.432704	14.7499
133	0.0297348	0.00075895	0.432049	14.7275
134	0.0297569	0.000759514	0.43237	14.7385
135	0.0297993	0.000760596	0.432986	14.7595
136	0.0298157	0.000761013	0.433224	14.7676
137	0.0299193	0.000763657	0.434729	14.8189
138	0.0299146	0.000763538	0.434661	14.8166
139	0.029957	0.000764622	0.435278	14.8376
140	0.0299436	0.000764278	0.435082	14.8309
141	0.0300084	0.000765932	0.436024	14.863
142	0.0299824	0.000765269	0.435646	14.8501
143	0.0300716	0.000767547	0.436943	14.8943
144	0.0300827	0.00076783	0.437104	14.8998
145	0.0301161	0.000768682	0.437589	14.9164
146	0.0301523	0.000769605	0.438114	14.9343
147	0.030201	0.000770847	0.438822	14.9584
148	0.0301839	0.000770413	0.438574	14.95
149	0.0301788	0.000770281	0.438499	14.9474
150	0.0302415	0.000771882	0.439411	14.9785
151	0.0302286	0.000771553	0.439224	14.9721
152	0.0302701	0.000772613	0.439827	14.9927
153	0.0302835	0.000772954	0.440021	14.9993
154	0.0302518	0.000772146	0.439561	14.9836
155	0.0303046	0.000773494	0.440328	15.0098
156	0.0303251	0.000774017	0.440626	15.0199
157	0.0303206	0.000773902	0.440561	15.0177
158	0.0303506	0.000774667	0.440996	15.0325
159	0.0303373	0.000774328	0.440803	15.0259
160	0.0303882	0.000775627	0.441543	15.0511
161	0.0303642	0.000775014	0.441194	15.0392
162	0.0304029	0.000776001	0.441755	15.0584
163	0.0302954	0.000773258	0.440194	15.0052
164	0.0303963	0.000775834	0.441661	15.0552
165	0.0303738	0.00077526	0.441334	15.044
166	0.0303327	0.00077421	0.440736	15.0236
167	0.0303858	0.000775566	0.441508	15.05
168	0.0303109	0.000773655	0.44042	15.0129
169	0.030384	0.000775519	0.441481	15.049
170	0.0304177	0.00077638	0.441972	15.0658
171	0.0303967	0.000775845	0.441667	15.0554
172	0.0304358	0.000776842	0.442234	15.0747
173	0.0303851	0.000775548	0.441498	15.0496
174	0.0305077	0.000778678	0.44328	15.1103
175	0.0304538	0.000777301	0.442495	15.0836
176	0.0304362	0.000776853	0.44224	15.0749
177	0.0304794	0.000777955	0.442868	15.0963
178	0.0304811	0.000777997	0.442892	15.0971
179	0.0304184	0.000776397	0.441981	15.0661
180	0.0304215	0.000776478	0.442027	15.0677
181	0.0303776	0.000775356	0.441388	15.0459
182	0.0304118	0.00077623	0.441886	15.0628
183	0.0303228	0.000773957	0.440592	15.0187
184	0.03035	0.000774651	0.440987	15.0322
185	0.0303238	0.000773984	0.440607	15.0193
186	0.0303814	0.000775454	0.441444	15.0478
187	0.0303877	0.000775614	0.441535	15.0509
188	0.0303619	0.000774956	0.441161	15.0381
189	0.0302861	0.00077302	0.440059	15.0006
190	0.0303571	0.000774833	0.441091	15.0357
191	0.0302647	0.000772473	0.439747	14.9899
192	0.0303546	0.000774769	0.441054	15.0345
193	0.03026	0.000772355	0.43968	14.9877
194	0.0303398	0.000774391	0.440839	15.0272
195	0.0301788	0.000770281	0.438499	14.9474
196	0.0302238	0.000771431	0.439154	14.9697
197	0.0301933	0.000770651	0.43871	14.9546
198	0.0301687	0.000770024	0.438353	14.9424
199	0.0302211	0.000771361	0.439114	14.9684
200	0.0301661	0.000769957	0.438315	14.9411
201	0.030166	0.000769955	0.438314	14.9411
202	0.0301637	0.000769896	0.43828	14.9399
203	0.0300922	0.000768071	0.437241	14.9045
204	0.0301161	0.000768681	0.437588	14.9163
205	0.0301094	0.000768511	0.437492	14.9131
206	0.0300264	0.000766393	0.436286	14.872
207	0.0300284	0.000766444	0.436315	14.8729
208	0.0300021	0.000765773	0.435933	14.8599
209	0.0299652	0.000764829	0.435396	14.8416
210	0.0299402	0.000764192	0.435033	14.8292
211	0.0299333	0.000764015	0.434933	14.8258
212	0.0299105	0.000763435	0.434602	14.8145
213	0.0298934	0.000762999	0.434354	14.8061
214	0.0299038	0.000763263	0.434504	14.8112
215	0.029841	0.00076166	0.433592	14.7801
216	0.029791	0.000760384	0.432866	14.7554
217	0.0297654	0.000759731	0.432494	14.7427
218	0.0297318	0.000758872	0.432004	14.726
219	0.0297467	0.000759253	0.432221	14.7334
220	0.0296752	0.000757429	0.431183	14.698
221	0.0297217	0.000758615	0.431858	14.721
222	0.0296576	0.000756979	0.430927	14.6893
223	0.0296113	0.000755796	0.430254	14.6663
224	0.0295489	0.000754205	0.429348	14.6354
225	0.0295269	0.000753642	0.429027	14.6245
226	0.0295621	0.00075454	0.429539	14.642
227	0.0294901	0.000752704	0.428493	14.6063
228	0.0294575	0.000751873	0.42802	14.5902
229	0.0294225	0.000750978	0.427511	14.5728
230	0.0294068	0.000750577	0.427283	14.5651
231	0.0293802	0.000749899	0.426897	14.5519
232	0.0293152	0.000748239	0.425952	14.5197
233	0.0293509	0.000749151	0.426471	14.5374
234	0.0292153	0.000745688	0.4245	14.4702
235	0.02923	0.000746065	0.424714	14.4775
236	0.0292009	0.000745323	0.424291	14.4631
237	0.029183	0.000744864	0.42403	14.4542
238	0.0290961	0.000742648	0.422769	14.4112
239	0.0291373	0.000743699	0.423367	14.4316
240	0.0290736	0.000742073	0.422442	14.4
241	0.0290562	0.000741629	0.422189	14.3914
242	0.028995	0.000740066	0.421299	14.3611
243	0.0289896	0.000739929	0.421221	14.3584
244	0.0288956	0.000737531	0.419856	14.3119
245	0.0289157	0.000738044	0.420148	14.3218
246	0.0288558	0.000736515	0.419277	14.2922
247	0.0288794	0.000737116	0.419619	14.3038
248	0.0288385	0.000736072	0.419025	14.2836
249	0.0287449	0.000733683	0.417665	14.2372
250	0.0286998	0.000732533	0.417011	14.2149
251	0.0286955	0.000732423	0.416948	14.2128
252	0.0286283	0.000730707	0.415971	14.1795
253	0.0285932	0.000729811	0.415461	14.1621
254	0.0285316	0.00072824	0.414567	14.1316
255	0.0285427	0.000728521	0.414727	14.1371
256	0.0285181	0.000727894	0.414369	14.1249
257	0.0284662	0.000726569	0.413616	14.0992
258	0.0284547	0.000726275	0.413448	14.0935
259	0.0284298	0.00072564	0.413086	14.0811
260	0.0284287	0.000725612	0.413071	14.0806
261	0.0282608	0.000721328	0.410632	13.9975
262	0.0282716	0.000721602	0.410788	14.0028
263	0.0282621	0.000721361	0.410651	13.9981
264	0.0282009	0.000719798	0.409761	13.9678
265	0.028086	0.000716866	0.408092	13.9109
266	0.0281606	0.000718771	0.409176	13.9478
267	0.0280981	0.000717174	0.408267	13.9169
268	0.0280537	0.000716041	0.407622	13.8949
269	0.0280466	0.000715861	0.40752	13.8914
270	0.0280264	0.000715345	0.407226	13.8814
271	0.0280008	0.00071469	0.406853	13.8686
272	0.0279037	0.000712212	0.405442	13.8206
273	0.0278651	0.000711227	0.404882	13.8015
274	0.0278513	0.000710874	0.404681	13.7946
275	0.0277669	0.00070872	0.403454	13.7528
276	0.027739	0.000708009	0.40305	13.739
277	0.0278122	0.000709877	0.404113	13.7753
278	0.0277028	0.000707084	0.402523	13.7211
279	0.0276491	0.000705713	0.401743	13.6945
280	0.0276265	0.000705136	0.401414	13.6833
281	0.0275337	0.000702768	0.400066	13.6373
282	0.0276318	0.000705274	0.401492	13.6859
283	0.0275419	0.000702977	0.400185	13.6414
284	0.0274721	0.000701197	0.399172	13.6068
285	0.0274216	0.000699907	0.398437	13.5818
286	0.0274037	0.00069945	0.398178	13.5729
287	0.0273187	0.000697282	0.396943	13.5308
288	0.027271	0.000696063	0.396249	13.5072
289	0.0272622	0.00069584	0.396122	13.5029
290	0.0272186	0.000694726	0.395488	13.4813
291	0.0272025	0.000694316	0.395255	13.4733
292	0.027203	0.000694328	0.395261	13.4735
293	0.0271498	0.000692969	0.394488	13.4472
294	0.0270886	0.000691407	0.393598	13.4168
295	0.0270191	0.000689633	0.392589	13.3824
296	0.0270227	0.000689726	0.392642	13.3842
297	0.0269968	0.000689064	0.392265	13.3714
298	0.0269097	0.000686842	0.391	13.3283
299	0.0269063	0.000686755	0.39095	13.3266
300	0.0269161	0.000687005	0.391093	13.3314
301	0.0268601	0.000685577	0.39028	13.3037
302	0.0268069	0.000684218	0.389506	13.2773
303	0.0267711	0.000683305	0.388986	13.2596
304	0.0267327	0.000682325	0.388428	13.2406
305	0.0265968	0.000678856	0.386454	13.1733
306	0.0266273	0.000679635	0.386897	13.1884
307	0.026548	0.000677609	0.385744	13.1491
308	0.0265075	0.000676575	0.385155	13.129
309	0.0265392	0.000677386	0.385617	13.1448
310	0.0265138	0.000676737	0.385247	13.1322
311	0.0264035	0.00067392	0.383644	13.0775
312	0.0263765	0.000673233	0.383253	13.0642
313	0.0263568	0.000672729	0.382966	13.0544
314	0.0263199	0.000671787	0.382429	13.0361
315	0.0262937	0.00067112	0.38205	13.0232
316	0.0262625	0.000670323	0.381596	13.0077
317	0.0262292	0.000669472	0.381112	12.9912
318	0.0261528	0.000667523	0.380002	12.9534
319	0.0260987	0.000666142	0.379216	12.9266
320	0.02609	0.00066592	0.37909	12.9223
321	0.0260835	0.000665754	0.378995	12.919
322	0.0259589	0.000662574	0.377185	12.8573
323	0.0259498	0.000662341	0.377052	12.8528
324	0.0259605	0.000662615	0.377208	12.8581
325	0.0258878	0.00066076	0.376152	12.8221
326	0.0259094	0.000661311	0.376466	12.8328
327	0.0258675	0.000660242	0.375857	12.8121
328	0.0258296	0.000659273	0.375305	12.7933
329	0.025752	0.000657292	0.374178	12.7548
330	0.0257507	0.000657259	0.374159	12.7542
331	0.0257292	0.00065671	0.373847	12.7435
332	0.0256498	0.000654685	0.372694	12.7042
333	0.025596	0.000653312	0.371912	12.6776
334	0.0255742	0.000652755	0.371595	12.6668
335	0.0255973	0.000653344	0.37193	12.6782
336	0.0255192	0.000651351	0.370796	12.6396
337	0.0254647	0.000649961	0.370004	12.6126
338	0.0254109	0.000648586	0.369222	12.5859
339	0.0254363	0.000649234	0.369591	12.5985
340	0.0254563	0.000649744	0.369881	12.6084
341	0.0253661	0.000647443	0.368571	12.5637
342	0.0253459	0.000646927	0.368277	12.5537
343	0.0252888	0.000645471	0.367448	12.5254
344	0.0252487	0.000644446	0.366865	12.5056
345	0.025286	0.000645398	0.367407	12.524
346	0.0251602	0.000642188	0.365579	12.4617
347	0.0251769	0.000642615	0.365823	12.47
348	0.0250781	0.000640091	0.364386	12.421
349	0.0250906	0.000640412	0.364568	12.4273
350	0.0249836	0.00063768	0.363013	12.3743
351	0.0250128	0.000638425	0.363438	12.3887
352	0.0249795	0.000637576	0.362954	12.3722
353	0.0250106	0.000638369	0.363406	12.3876
354	0.0249536	0.000636915	0.362578	12.3594
355	0.0249177	0.000635997	0.362055	12.3416
356	0.0248833	0.00063512	0.361556	12.3246
357	0.0248455	0.000634156	0.361007	12.3059
358	0.0247588	0.000631942	0.359747	12.2629
359	0.0247409	0.000631486	0.359488	12.2541
360	0.0247127	0.000630765	0.359077	12.2401
361	0.0246872	0.000630115	0.358707	12.2275
362	0.0246364	0.000628819	0.357969	12.2023
363	0.0246197	0.000628391	0.357725	12.194
364	0.024648	0.000629115	0.358138	12.2081
365	0.0245837	0.000627474	0.357203	12.1762
366	0.0246283	0.00062861	0.35785	12.1983
367	0.0244579	0.000624261	0.355374	12.1139
368	0.0244642	0.000624424	0.355467	12.117
369	0.0245084	0.000625551	0.356109	12.1389
370	0.0244946	0.0006252	0.355909	12.1321
371	0.0244852	0.000624959	0.355772	12.1274
372	0.02439	0.000622529	0.354389	12.0803
373	0.0243477	0.000621448	0.353773	12.0593
374	0.0243433	0.000621336	0.353709	12.0571
375	0.0243043	0.000620341	0.353143	12.0378
376	0.0242416	0.000618741	0.352232	12.0067
377	0.0242225	0.000618253	0.351954	11.9973
378	0.0242225	0.000618255	0.351955	11.9973
379	0.0241956	0.000617566	0.351563	11.984
380	0.0241518	0.000616448	0.350927	11.9623
381	0.0240873	0.000614804	0.349991	11.9304
382	0.0240959	0.000615021	0.350114	11.9346
383	0.0240496	0.00061384	0.349442	11.9116
384	0.0240048	0.000612698	0.348792	11.8895
385	0.0239804	0.000612075	0.348437	11.8774
386	0.0239729	0.000611883	0.348328	11.8737
387	0.023962	0.000611605	0.34817	11.8683
388	0.0239059	0.000610173	0.347354	11.8405
389	0.0238681	0.000609207	0.346805	11.8217
390	0.023863	0.000609077	0.346731	11.8192
391	0.0238935	0.000609858	0.347175	11.8344
392	0.023819	0.000607955	0.346092	11.7975
393	0.0237526	0.00060626	0.345127	11.7645
394	0.0237415	0.000605977	0.344966	11.7591
395	0.0237038	0.000605014	0.344417	11.7404
396	0.0237166	0.000605342	0.344604	11.7467
397	0.0236663	0.000604057	0.343873	11.7218
398	0.0236049	0.00060249	0.342981	11.6914
399	0.0236675	0.000604088	0.34389	11.7224
400	0.0236209	0.000602897	0.343213	11.6993
401	0.0236177	0.000602816	0.343166	11.6977
402	0.0236195	0.000602862	0.343192	11.6986
403	0.0235603	0.000601353	0.342333	11.6693
404	0.0234935	0.000599646	0.341362	11.6362
405	0.0235657	0.00060149	0.342411	11.672
406	0.023451	0.000598562	0.340744	11.6152
407	0.0234685	0.000599008	0.340999	11.6238
408	0.0234332	0.000598108	0.340486	11.6064
409	0.0233513	0.000596016	0.339295	11.5658
410	0.0233479	0.00059593	0.339246	11.5641
411	0.0233575	0.000596176	0.339386	11.5689
412	0.0233441	0.000595833	0.339191	11.5622
413	0.0232747	0.000594061	0.338182	11.5278
414	0.0232598	0.000593682	0.337967	11.5205
415	0.0232889	0.000594425	0.33839	11.5349
416	0.0232724	0.000594005	0.33815	11.5267
417	0.0232078	0.000592356	0.337212	11.4947
418	0.0231875	0.000591836	0.336916	11.4847
419	0.0231862	0.000591804	0.336897	11.484
420	0.0231138	0.000589955	0.335845	11.4482
421	0.0231518	0.000590926	0.336397	11.467
422	0.0230802	0.000589099	0.335357	11.4315
423	0.0230418	0.000588117	0.334799	11.4125
424	0.0231219	0.000590163	0.335963	11.4522
425	0.0230653	0.000588717	0.33514	11.4241
426	0.0230482	0.000588281	0.334892	11.4157
427	0.0229919	0.000586843	0.334073	11.3878
428	0.0230837	0.000589188	0.335408	11.4333
429	0.0229431	0.000585599	0.333365	11.3636
430	0.0229631	0.00058611	0.333656	11.3735
431	0.0228982	0.000584453	0.332713	11.3414
432	0.0228826	0.000584053	0.332485	11.3336
433	0.0228861	0.000584144	0.332537	11.3354
434	0.0227989	0.000581919	0.33127	11.2922
435	0.0227669	0.000581101	0.330805	11.2763
436	0.022808	0.000582151	0.331402	11.2967
437	0.022837	0.000582891	0.331823	11.3111
438	0.0227275	0.000580096	0.330232	11.2568
439	0.022749	0.000580644	0.330544	11.2675
440	0.0227108	0.000579669	0.329989	11.2485
441	0.0227448	0.000580538	0.330484	11.2654
442	0.0227293	0.000580141	0.330258	11.2577
443	0.0226651	0.000578503	0.329326	11.2259
444	0.0226821	0.000578936	0.329572	11.2343
445	0.0226866	0.000579051	0.329638	11.2366
446	0.0226419	0.00057791	0.328988	11.2144
447	0.0226267	0.000577522	0.328767	11.2069
448	0.0225972	0.00057677	0.328339	11.1923
449	0.02255	0.000575564	0.327653	11.1689
450	0.0225772	0.000576259	0.328048	11.1824
451	0.0225075	0.000574479	0.327035	11.1478
452	0.0224848	0.000573902	0.326706	11.1366
453	0.0225496	0.000575554	0.327647	11.1687
454	0.0225338	0.000575152	0.327418	11.1609
455	0.0224354	0.000572641	0.325988	11.1122
456	0.0223965	0.000571646	0.325422	11.0929
457	0.022454	0.000573116	0.326259	11.1214
458	0.0223925	0.000571546	0.325365	11.0909
459	0.0223531	0.000570538	0.324791	11.0714
460	0.0223616	0.000570757	0.324916	11.0756
461	0.0223695	0.000570958	0.325031	11.0795
462	0.0224032	0.000571817	0.325519	11.0962
463	0.022334	0.000570051	0.324514	11.0619
464	0.0222919	0.000568977	0.323903	11.0411
465	0.022244	0.000567755	0.323207	11.0174
466	0.0223024	0.000569246	0.324056	11.0463
467	0.0222658	0.000568312	0.323524	11.0282
468	0.0222099	0.000566884	0.322711	11.0005
469	0.0222148	0.00056701	0.322783	11.0029
470	0.0222503	0.000567916	0.323299	11.0205
471	0.0222033	0.000566717	0.322616	10.9972
472	0.0221568	0.00056553	0.32194	10.9742
473	0.022159	0.000565586	0.321972	10.9753
474	0.0221244	0.000564703	0.32147	10.9581
475	0.0221747	0.000565987	0.322201	10.9831
476	0.0220469	0.000562724	0.320343	10.9197
477	0.022073	0.00056339	0.320722	10.9327
478	0.022071	0.000563339	0.320693	10.9317
479	0.0220963	0.000563985	0.321061	10.9442
480	0.0220735	0.000563403	0.32073	10.9329
481	0.0220507	0.00056282	0.320398	10.9216
482	0.0220135	0.00056187	0.319857	10.9032
483	0.022033	0.000562368	0.32014	10.9128
484	0.0219797	0.000561009	0.319367	10.8865
485	0.0220188	0.000562008	0.319935	10.9058
486	0.0219613	0.000560539	0.319099	10.8773
487	0.0219422	0.00056005	0.318821	10.8678
488	0.0219643	0.000560617	0.319143	10.8788
489	0.0219534	0.000560338	0.318985	10.8734
490	0.0218829	0.000558538	0.31796	10.8385
491	0.0219322	0.000559796	0.318676	10.8629
492	0.0218462	0.000557602	0.317427	10.8203
493	0.021929	0.000559715	0.31863	10.8613
494	0.0219071	0.000559156	0.318312	10.8505
495	0.0218705	0.000558222	0.31778	10.8324
496	0.0218081	0.000556628	0.316872	10.8014
497	0.021754	0.000555247	0.316086	10.7746
498	0.0217817	0.000555955	0.31649	10.7884
499	0.0218307	0.000557205	0.317201	10.8126
500	0.0217499	0.000555144	0.316028	10.7726
501	0.0217462	0.000555049	0.315974	10.7708
502	0.0217063	0.00055403	0.315393	10.751
503	0.0216996	0.000553861	0.315297	10.7477
504	0.0216695	0.00055309	0.314859	10.7328
505	0.0217099	0.000554122	0.315446	10.7528
506	0.0217279	0.000554583	0.315708	10.7617
507	0.0216075	0.000551508	0.313958	10.7021
508	0.0216319	0.000552132	0.314314	10.7142
509	0.0216321	0.000552135	0.314315	10.7143
510	0.0216435	0.000552428	0.314482	10.7199
511	0.0216808	0.000553379	0.315023	10.7384
512	0.0216434	0.000552426	0.314481	10.7199
513	0.0215402	0.00054979	0.31298	10.6687
514	0.0215527	0.000550111	0.313163	10.675
515	0.0215291	0.000549508	0.31282	10.6633
516	0.0215568	0.000550216	0.313222	10.677
517	0.0215153	0.000549155	0.312619	10.6564
518	0.0215756	0.000550696	0.313496	10.6863
519	0.0214916	0.00054855	0.312274	10.6447
520	0.021494	0.000548611	0.312309	10.6459
521	0.021541	0.000549811	0.312992	10.6691
522	0.0214436	0.000547325	0.311577	10.6209
523	0.0214709	0.000548021	0.311973	10.6344
524	0.0214521	0.000547542	0.3117	10.6251
525	0.0214487	0.000547455	0.311651	10.6234
526	0.0214432	0.000547316	0.311572	10.6207
527	0.0214241	0.000546827	0.311293	10.6113
528	0.0214305	0.000546991	0.311387	10.6144
529	0.0213867	0.000545872	0.31075	10.5927
530	0.0213662	0.000545349	0.310452	10.5826
531	0.0213895	0.000545945	0.310791	10.5941
532	0.0213687	0.000545412	0.310488	10.5838
533	0.0213799	0.0005457	0.310652	10.5894
534	0.0213564	0.0005451	0.31031	10.5777
535	0.0213349	0.00054455	0.309997	10.5671
536	0.0213497	0.000544928	0.310212	10.5744
537	0.0212709	0.000542918	0.309068	10.5354
538	0.0213222	0.000544226	0.309813	10.5608
539	0.0212902	0.00054341	0.309348	10.5449
540	0.0212871	0.000543331	0.309303	10.5434
541	0.021297	0.000543585	0.309448	10.5483
542	0.0212958	0.000543553	0.30943	10.5477
543	0.0212751	0.000543025	0.309129	10.5375
544	0.0212599	0.000542637	0.308908	10.5299
545	0.0212188	0.000541588	0.308311	10.5096
546	0.0211942	0.000540958	0.307953	10.4974
547	0.0212112	0.000541393	0.3082	10.5058
548	0.0212055	0.000541248	0.308117	10.503
549	0.0211889	0.000540825	0.307876	10.4948
550	0.0211822	0.000540653	0.307779	10.4914
551	0.021181	0.000540623	0.307761	10.4909
552	0.0211732	0.000540422	0.307647	10.487
553	0.0211049	0.000538679	0.306655	10.4531
554	0.0211498	0.000539825	0.307307	10.4754
555	0.0211383	0.000539533	0.307141	10.4697
556	0.0210599	0.000537531	0.306001	10.4309
557	0.0210574	0.000537469	0.305966	10.4297
558	0.0210637	0.000537629	0.306057	10.4328
559	0.0210425	0.000537089	0.30575	10.4223
560	0.0210317	0.000536812	0.305592	10.4169
561	0.0210599	0.000537531	0.306001	10.4309
562	0.0210042	0.000536109	0.305192	10.4033
563	0.021018	0.000536463	0.305394	10.4101
564	0.0209383	0.000534428	0.304235	10.3707
565	0.0209555	0.000534868	0.304485	10.3792
566	0.020939	0.000534445	0.304245	10.371
567	0.0209761	0.000535392	0.304784	10.3894
568	0.0209649	0.000535107	0.304621	10.3838
569	0.0209173	0.000533891	0.303929	10.3602
570	0.0209992	0.000535983	0.30512	10.4008
571	0.0209368	0.000534389	0.304213	10.3699
572	0.020932	0.000534268	0.304144	10.3675
573	0.0209335	0.000534305	0.304165	10.3683
574	0.0208862	0.000533098	0.303478	10.3448
575	0.0208989	0.000533423	0.303663	10.3511
576	0.0208466	0.000532087	0.302902	10.3252
577	0.0208899	0.000533193	0.303532	10.3467
578	0.0209138	0.000533802	0.303879	10.3585
579	0.0208169	0.00053133	0.302471	10.3105
580	0.0207812	0.000530419	0.301953	10.2929
581	0.0207785	0.000530349	0.301913	10.2915
582	0.0207993	0.000530881	0.302216	10.3018
583	0.0207837	0.000530482	0.301988	10.2941
584	0.0208244	0.000531522	0.30258	10.3143
585	0.0207793	0.00053037	0.301925	10.2919
586	0.0207696	0.000530121	0.301783	10.2871
587	0.02075	0.000529621	0.301498	10.2774
588	0.0207027	0.000528416	0.300812	10.254
589	0.0207134	0.000528687	0.300966	10.2592
590	0.0206972	0.000528273	0.300731	10.2512
591	0.0207367	0.000529282	0.301306	10.2708
592	0.0206884	0.000528049	0.300604	10.2469
593	0.0206736	0.000527672	0.300389	10.2395
594	0.0206406	0.00052683	0.29991	10.2232
595	0.0206376	0.000526753	0.299865	10.2217
596	0.0206536	0.000527162	0.300099	10.2296
597	0.020635	0.000526686	0.299827	10.2204
598	0.0206882	0.000528045	0.300601	10.2468
599	0.0206332	0.000526642	0.299802	10.2196
600	0.0205961	0.000525693	0.299263	10.2011
601	0.0205973	0.000525724	0.29928	10.2017
602	0.0206331	0.000526638	0.2998	10.2195
603	0.0205662	0.000524929	0.298828	10.1863
604	0.0205136	0.000523589	0.298064	10.1603
605	0.0205594	0.000524758	0.29873	10.183
606	0.0205701	0.000525031	0.298885	10.1883
607	0.0205189	0.000523724	0.298141	10.1629
608	0.0205362	0.000524165	0.298392	10.1715
609	0.0204921	0.00052304	0.297752	10.1497
610	0.0204686	0.00052244	0.297411	10.138
611	0.0205156	0.00052364	0.298094	10.1613
612	0.0204846	0.000522848	0.297643	10.1459
613	0.0205213	0.000523786	0.298176	10.1641
614	0.020449	0.000521939	0.297125	10.1283
615	0.0204187	0.000521165	0.296684	10.1133
616	0.0204535	0.000522055	0.297191	10.1305
617	0.0204343	0.000521564	0.296912	10.121
618	0.0204541	0.000522069	0.297199	10.1308
619	0.0204147	0.000521064	0.296627	10.1113
620	0.0204271	0.000521381	0.296808	10.1175
621	0.0203858	0.000520327	0.296208	10.097
622	0.020359	0.000519642	0.295818	10.0837
623	0.0203416	0.000519199	0.295565	10.0751
624	0.0203547	0.000519533	0.295756	10.0816
625	0.020342	0.000519208	0.29557	10.0753
626	0.0203604	0.000519677	0.295837	10.0844
627	0.0203021	0.00051819	0.294991	10.0556
628	0.0203052	0.00051827	0.295036	10.0571
629	0.0202631	0.000517196	0.294425	10.0362
630	0.0203036	0.000518227	0.295012	10.0563
631	0.0203001	0.000518139	0.294962	10.0546
632	0.0203	0.000518137	0.294961	10.0545
633	0.0202415	0.000516643	0.294111	10.0255
634	0.0202025	0.000515647	0.293544	10.0062
635	0.020248	0.000516808	0.294204	10.0287
636	0.0201938	0.000515426	0.293417	10.0019
637	0.0201998	0.000515579	0.293505	10.0049
638	0.0201866	0.000515243	0.293313	9.99836
639	0.0201887	0.000515295	0.293343	9.99936
640	0.0201769	0.000514994	0.293172	9.99352
641	0.0201534	0.000514394	0.29283	9.98189
642	0.0202014	0.00051562	0.293528	10.0057
643	0.0201632	0.000514644	0.292972	9.98673
644	0.0201309	0.000513819	0.292503	9.97072
645	0.0200992	0.000513012	0.292043	9.95506
646	0.0200731	0.000512344	0.291663	9.94211
647	0.0200999	0.00051303	0.292053	9.95541
648	0.0200848	0.000512644	0.291834	9.94791
649	0.0201162	0.000513444	0.292289	9.96344
650	0.0201069	0.000513207	0.292154	9.95885
651	0.0200069	0.000510656	0.290702	9.90935
652	0.0200816	0.000512561	0.291787	9.94632
653	0.0200035	0.000510569	0.290653	9.90767
654	0.0200544	0.000511867	0.291391	9.93284
655	0.0200232	0.000511071	0.290938	9.91739
656	0.0199752	0.000509847	0.290242	9.89365
657	0.0199829	0.000510043	0.290353	9.89745
658	0.0199481	0.000509154	0.289847	9.8802
659	0.0199943	0.000510333	0.290518	9.90309
660	0.0199954	0.000510362	0.290535	9.90364
661	0.0200047	0.0005106	0.29067	9.90825
662	0.0199474	0.000509137	0.289838	9.87988
663	0.0199671	0.00050964	0.290124	9.88963
664	0.0199346	0.000508811	0.289652	9.87354
665	0.019885	0.000507545	0.288931	9.84897
666	0.0199389	0.00050892	0.289714	9.87566
667	0.0198592	0.000506886	0.288556	9.83618
668	0.0198372	0.000506324	0.288236	9.82529
669	0.0198692	0.000507142	0.288702	9.84115
670	0.0198408	0.000506415	0.288288	9.82705
671	0.0198172	0.000505814	0.287946	9.81538
672	0.0198024	0.000505436	0.287731	9.80806
673	0.0197591	0.000504329	0.287101	9.78658
674	0.0197569	0.000504275	0.28707	9.78552
675	0.0197483	0.000504056	0.286945	9.78127
676	0.019734	0.00050369	0.286737	9.77418
677	0.0197952	0.000505252	0.287626	9.80448
678	0.0197028	0.000502894	0.286284	9.75873
679	0.0196866	0.000502479	0.286047	9.75066
680	0.0197119	0.000503124	0.286415	9.76319
681	0.0197313	0.000503621	0.286698	9.77284
682	0.0196734	0.000502143	0.285856	9.74415
683	0.0197193	0.000503314	0.286523	9.76688
684	0.0196802	0.000502317	0.285955	9.74753
685	0.0196169	0.000500699	0.285034	9.71614
686	0.019668	0.000502004	0.285777	9.74145
687	0.0196411	0.000501317	0.285386	9.72813
688	0.0196053	0.000500403	0.284866	9.71039
689	0.0196386	0.000501254	0.28535	9.72691
690	0.0196254	0.000500916	0.285158	9.72035
691	0.0195854	0.000499896	0.284577	9.70055
692	0.0195422	0.000498795	0.28395	9.67919
693	0.0195786	0.000499724	0.284479	9.69721
694	0.0195552	0.000499127	0.284139	9.68562
695	0.0195559	0.000499144	0.284149	9.68596
696	0.0195726	0.00049957	0.284391	9.69422
697	0.0195501	0.000498995	0.284064	9.68307
698	0.0195236	0.000498319	0.283679	9.66995
699	0.0194965	0.000497628	0.283286	9.65653
700	0.0194906	0.000497478	0.2832	9.65362
701	0.0194906	0.000497476	0.283199	9.65358
702	0.019414	0.000495523	0.282087	9.61569
703	0.0194912	0.000497492	0.283208	9.6539
704	0.019432	0.00049598	0.282348	9.62456
705	0.0194092	0.000495399	0.282017	9.61329
706	0.0193886	0.000494874	0.281718	9.60309
707	0.019447	0.000496365	0.282567	9.63203
708	0.0194212	0.000495706	0.282191	9.61923
709	0.019394	0.000495012	0.281797	9.60577
710	0.0193956	0.000495053	0.28182	9.60657
711	0.0193417	0.000493676	0.281036	9.57984
712	0.0193057	0.000492758	0.280513	9.56203
713	0.0193535	0.000493978	0.281208	9.58572
714	0.0193392	0.000493613	0.281	9.57862
715	0.019313	0.000492944	0.280619	9.56565
716	0.0192803	0.00049211	0.280144	9.54945
717	0.0192603	0.000491598	0.279853	9.53953
718	0.0193158	0.000493016	0.28066	9.56703
719	0.0192608	0.000491611	0.279861	9.53978
720	0.0192597	0.000491583	0.279844	9.53923
721	0.0192832	0.000492184	0.280187	9.5509
722	0.0192044	0.000490172	0.279041	9.51186
723	0.0192144	0.000490428	0.279187	9.51683
724	0.019224	0.000490672	0.279326	9.52155
725	0.0191764	0.000489458	0.278635	9.498
726	0.0191789	0.000489522	0.278671	9.49924
727	0.019193	0.000489881	0.278876	9.50621
728	0.0191849	0.000489675	0.278758	9.50221
729	0.019178	0.000489498	0.278658	9.49878
730	0.0191306	0.000488289	0.277969	9.47532
731	0.0191166	0.000487932	0.277766	9.46838
732	0.0190891	0.00048723	0.277366	9.45476
733	0.0191423	0.000488587	0.278139	9.48109
734	0.0191393	0.000488511	0.278096	9.47962
735	0.0190265	0.000485632	0.276457	9.42375
736	0.0190664	0.000486651	0.277037	9.44352
737	0.0190853	0.000487131	0.27731	9.45284
738	0.0190521	0.000486285	0.276828	9.43642
739	0.0190571	0.000486413	0.276901	9.43891
740	0.0190342	0.000485827	0.276568	9.42754
741	0.0189957	0.000484846	0.276009	9.40849
742	0.0190183	0.000485421	0.276337	9.41966
743	0.018958	0.000483882	0.275461	9.3898
744	0.0189786	0.000484409	0.27576	9.40001
745	0.018934	0.000483272	0.275113	9.37795
746	0.01894	0.000483425	0.2752	9.38092
747	0.0188915	0.000482185	0.274495	9.35687
748	0.0189325	0.000483232	0.27509	9.37718
749	0.0188846	0.000482011	0.274395	9.35348
750	0.0188934	0.000482233	0.274522	9.3578
751	0.0188772	0.000481821	0.274287	9.3498
752	0.0188777	0.000481834	0.274295	9.35006
753	0.0188654	0.00048152	0.274116	9.34395
754	0.0188924	0.000482207	0.274507	9.3573
755	0.0188443	0.000480981	0.273809	9.33349
756	0.0188114	0.000480141	0.273331	9.3172
757	0.0188197	0.000480353	0.273452	9.32131
758	0.018745	0.000478445	0.272365	9.28429
759	0.0188063	0.000480012	0.273257	9.31469
760	0.0187727	0.000479154	0.272769	9.29804
761	0.0187767	0.000479256	0.272827	9.30002
762	0.0187248	0.00047793	0.272072	9.27429
763	0.018714	0.000477655	0.271916	9.26895
764	0.0186695	0.000476519	0.271269	9.24692
765	0.0186979	0.000477245	0.271682	9.26099
766	0.0187001	0.0004773	0.271714	9.26207
767	0.0186242	0.000475363	0.270611	9.22448
768	0.0186355	0.000475652	0.270775	9.23009
769	0.0186686	0.000476497	0.271257	9.24649
770	0.018639	0.000475741	0.270826	9.23182
771	0.0187069	0.000477473	0.271812	9.26542
772	0.0186595	0.000476265	0.271124	9.24199
773	0.0185795	0.000474222	0.269961	9.20234
774	0.0185664	0.000473889	0.269772	9.19587
775	0.018598	0.000474693	0.27023	9.21149
776	0.0186037	0.000474839	0.270312	9.21431
777	0.0185613	0.000473757	0.269697	9.19332
778	0.0185558	0.000473618	0.269618	9.19062
779	0.0185817	0.000474278	0.269993	9.20343
780	0.0185664	0.000473888	0.269771	9.19587
781	0.0185046	0.00047231	0.268873	9.16524
782	0.0184525	0.00047098	0.268116	9.13942
783	0.0185029	0.000472266	0.268848	9.16438
784	0.0184785	0.000471645	0.268494	9.15234
785	0.0184294	0.000470392	0.267781	9.12802
786	0.0184207	0.00047017	0.267655	9.12371
787	0.0184145	0.00047001	0.267563	9.1206
788	0.0184154	0.000470035	0.267578	9.12109
789	0.018369	0.00046885	0.266903	9.0981
790	0.0183399	0.000468107	0.26648	9.08369
791	0.0183898	0.00046938	0.267205	9.10837
792	0.0183601	0.000468622	0.266773	9.09367
793	0.0183063	0.000467248	0.265991	9.06701
794	0.0183227	0.000467669	0.266231	9.07517
795	0.018358	0.000468567	0.266742	9.09261
796	0.0183189	0.000467571	0.266175	9.07328
797	0.0182809	0.0004666	0.265622	9.05443
798	0.018301	0.000467113	0.265914	9.06439
799	0.0182497	0.000465804	0.265169	9.03898
800	0.0182486	0.000465777	0.265154	9.03846
801	0.0181939	0.000464381	0.264359	9.01138
802	0.0182118	0.000464837	0.264618	9.02022
803	0.0182191	0.000465022	0.264724	9.02382
804	0.018197	0.00046446	0.264404	9.01291
805	0.0181383	0.000462961	0.263551	8.98383
806	0.0181865	0.00046419	0.26425	9.00767
807	0.0181251	0.000462624	0.263359	8.97727
808	0.0181567	0.00046343	0.263818	8.99291
809	0.018121	0.000462521	0.2633	8.97527
810	0.0181709	0.000463793	0.264025	8.99997
811	0.0180653	0.000461099	0.262491	8.94768
812	0.0180681	0.000461168	0.26253	8.94903
813	0.0180311	0.000460226	0.261994	8.93074
814	0.0180257	0.000460087	0.261915	8.92805
815	0.017968	0.000458613	0.261076	8.89945
816	0.0180713	0.000461252	0.262578	8.95066
817	0.0180096	0.000459677	0.261681	8.9201
818	0.0180527	0.000460777	0.262307	8.94144
819	0.0180307	0.000460214	0.261987	8.93051
820	0.0180096	0.000459675	0.26168	8.92006
821	0.0180045	0.000459547	0.261607	8.91757
822	0.0179168	0.000457307	0.260332	8.8741
823	0.0179032	0.00045696	0.260134	8.86736
824	0.0179061	0.000457036	0.260178	8.86883
825	0.0178664	0.000456022	0.259601	8.84917
826	0.0178691	0.000456089	0.259639	8.85047
827	0.017848	0.00045555	0.259332	8.84001
828	0.0178224	0.000454898	0.258961	8.82736
829	0.0178658	0.000456005	0.259591	8.84884
830	0.0178907	0.00045664	0.259953	8.86117
831	0.0178275	0.000455029	0.259035	8.8299
832	0.0178154	0.000454719	0.258859	8.82388
833	0.0178157	0.000454726	0.258863	8.82402
834	0.0177743	0.000453671	0.258262	8.80355
835	0.0178144	0.000454694	0.258844	8.82339
836	0.0177792	0.000453795	0.258333	8.80595
837	0.0177037	0.000451867	0.257235	8.76854
838	0.0177481	0.000453001	0.257881	8.79055
839	0.017708	0.000451977	0.257298	8.77067
840	0.0177468	0.000452969	0.257862	8.78991
841	0.0177449	0.00045292	0.257835	8.78897
842	0.0176724	0.000451068	0.256781	8.75304
843	0.0176638	0.000450849	0.256656	8.74879
844	0.0176609	0.000450777	0.256615	8.74739
845	0.0176118	0.000449524	0.255901	8.72307
846	0.0176378	0.000450187	0.256279	8.73593
847	0.0176555	0.000450637	0.256535	8.74467
848	0.0176282	0.000449941	0.256139	8.73116
849	0.0176314	0.000450022	0.256185	8.73273
850	0.0175941	0.000449071	0.255644	8.71428
851	0.0175511	0.000447972	0.255018	8.69296
852	0.017575	0.000448585	0.255367	8.70484
853	0.0175433	0.000447774	0.254905	8.68912
854	0.0175341	0.00044754	0.254772	8.68456
855	0.0175042	0.000446777	0.254338	8.66976
856	0.0175096	0.000446914	0.254416	8.67243
857	0.0174582	0.000445601	0.253668	8.64694
858	0.0174662	0.000445807	0.253786	8.65095
859	0.0175164	0.000447088	0.254515	8.6758
860	0.0174523	0.000445452	0.253583	8.64405
861	0.0174189	0.000444599	0.253098	8.6275
862	0.0174341	0.000444986	0.253318	8.63501
863	0.0174377	0.000445079	0.253371	8.63681
864	0.0174324	0.000444943	0.253293	8.63417
865	0.0174147	0.000444491	0.253037	8.62541
866	0.0173453	0.000442721	0.252029	8.59106
867	0.0173521	0.000442895	0.252128	8.59444
868	0.0173244	0.000442187	0.251725	8.5807
869	0.0173085	0.000441782	0.251494	8.57283
870	0.017324	0.000442176	0.251718	8.58048
871	0.0172706	0.000440814	0.250943	8.55405
872	0.0172363	0.000439939	0.250445	8.53708
873	0.0172694	0.000440783	0.250925	8.55345
874	0.0172741	0.000440902	0.250993	8.55577
875	0.0172597	0.000440535	0.250784	8.54864
876	0.0172438	0.000440129	0.250553	8.54075
877	0.0172295	0.000439766	0.250346	8.53371
878	0.0172155	0.000439408	0.250143	8.52677
879	0.0171987	0.00043898	0.249899	8.51846
880	0.0171643	0.0004381	0.249398	8.50139
881	0.017185	0.00043863	0.2497	8.51167
882	0.0171503	0.000437743	0.249195	8.49446
883	0.0171343	0.000437336	0.248963	8.48656
884	0.0171231	0.00043705	0.2488	8.48102
885	0.0171009	0.000436483	0.248477	8.47
886	0.01704	0.000434927	0.247592	8.43982
887	0.017123	0.000437046	0.248798	8.48093
888	0.0171041	0.000436564	0.248524	8.47158
889	0.0170783	0.000435906	0.248149	8.45882
890	0.0170731	0.000435774	0.248074	8.45625
891	0.016995	0.000433779	0.246938	8.41753
892	0.0170051	0.000434038	0.247086	8.42257
893	0.0170214	0.000434453	0.247322	8.43062
894	0.0169962	0.000433809	0.246955	8.41812
895	0.0169308	0.00043214	0.246005	8.38574
896	0.0169842	0.000433504	0.246781	8.41219
897	0.0169773	0.000433327	0.246681	8.40878
898	0.0169649	0.000433012	0.246502	8.40266
899	0.0169191	0.000431842	0.245836	8.37995
900	0.0169026	0.000431421	0.245596	8.37177
901	0.0168713	0.000430621	0.245141	8.35626
902	0.0169189	0.000431837	0.245833	8.37986
903	0.0168346	0.000429685	0.244608	8.33809
904	0.0168252	0.000429446	0.244472	8.33345
905	0.0168017	0.000428846	0.24413	8.32181
906	0.0168264	0.000429477	0.244489	8.33406
907	0.0167617	0.000427824	0.243548	8.30198
908	0.0167718	0.000428081	0.243695	8.30697
909	0.0168134	0.000429144	0.2443	8.3276
910	0.0168326	0.000429635	0.244579	8.33711
911	0.0167656	0.000427924	0.243605	8.30392
912	0.0167707	0.000428053	0.243679	8.30643
913	0.0167264	0.000426925	0.243036	8.28453
914	0.0167294	0.000427	0.243079	8.28599
915	0.0167309	0.000427039	0.243101	8.28675
916	0.016704	0.000426353	0.242711	8.27343
917	0.0166706	0.000425499	0.242225	8.25687
918	0.0166869	0.000425915	0.242461	8.26494
919	0.016583	0.000423265	0.240953	8.21351
920	0.016578	0.000423136	0.24088	8.21101
921	0.0166158	0.000424101	0.241429	8.22973
922	0.0166241	0.000424314	0.24155	8.23386
923	0.0165503	0.000422428	0.240476	8.19727
924	0.0165756	0.000423075	0.240845	8.20982
925	0.016555	0.00042255	0.240546	8.19964
926	0.0165773	0.000423117	0.240869	8.21064
927	0.0165444	0.000422279	0.240392	8.19438
928	0.0165047	0.000421265	0.239815	8.17471
929	0.0164901	0.000420894	0.239603	8.16749
930	0.0165045	0.000421261	0.239812	8.17462
931	0.0164685	0.000420341	0.239288	8.15677
932	0.0164418	0.000419659	0.2389	8.14354
933	0.0164783	0.000420592	0.239432	8.16165
934	0.0163789	0.000418053	0.237986	8.11238
935	0.016409	0.000418823	0.238424	8.12732
936	0.0163886	0.000418302	0.238127	8.1172
937	0.0163902	0.000418342	0.23815	8.11798
938	0.0163946	0.000418454	0.238214	8.12016
939	0.0163691	0.000417805	0.237845	8.10757
940	0.0163577	0.000417512	0.237678	8.10188
941	0.0162919	0.000415832	0.236722	8.06928
942	0.0163433	0.000417146	0.237469	8.09477
943	0.016311	0.000416322	0.237	8.07878
944	0.0163349	0.000416932	0.237348	8.09063
945	0.0163069	0.000416216	0.23694	8.07672
946	0.0162753	0.00041541	0.236481	8.06109
947	0.0162464	0.000414673	0.236061	8.04678
948	0.016225	0.000414126	0.23575	8.03617
949	0.016232	0.000414304	0.235851	8.03962
950	0.0162218	0.000414043	0.235703	8.03456
951	0.0162251	0.000414129	0.235752	8.03622
952	0.0162053	0.000413624	0.235465	8.02643
953	0.0161632	0.000412549	0.234853	8.00557
954	0.0161587	0.000412433	0.234787	8.00332
955	0.0161317	0.000411745	0.234395	7.98997
956	0.0161197	0.000411439	0.234221	7.98404
957	0.0161143	0.0004113	0.234142	7.98134
958	0.0161195	0.000411433	0.234217	7.9839
959	0.0161229	0.00041152	0.234267	7.9856
960	0.0160855	0.000410564	0.233723	7.96705
961	0.0160489	0.000409631	0.233191	7.94894
962	0.0160345	0.000409264	0.232983	7.94182
963	0.0160087	0.000408604	0.232607	7.92901
964	0.0159857	0.000408017	0.232273	7.91762
965	0.0160349	0.000409274	0.232988	7.94202
966	0.0160511	0.000409688	0.233224	7.95005
967	0.0159792	0.000407851	0.232178	7.91441
968	0.0159394	0.000406836	0.2316	7.8947
969	0.0159877	0.000408069	0.232303	7.91864
970	0.0159583	0.000407318	0.231875	7.90406
971	0.0158753	0.000405201	0.23067	7.86299
972	0.0159044	0.000405944	0.231092	7.87739
973	0.015908	0.000406034	0.231144	7.87914
974	0.0159122	0.000406142	0.231205	7.88124
975	0.0158669	0.000404986	0.230547	7.85881
976	0.0158145	0.000403648	0.229785	7.83284
977	0.0158865	0.000405487	0.230833	7.86853
978	0.0158477	0.000404496	0.230269	7.84931
979	0.0158695	0.000405053	0.230585	7.8601
980	0.0158609	0.000404833	0.23046	7.85584
981	0.0158195	0.000403776	0.229858	7.83532
982	0.015803	0.000403354	0.229618	7.82714
983	0.0157257	0.000401381	0.228495	7.78886
984	0.0157739	0.000402613	0.229197	7.81277
985	0.015723	0.000401314	0.228457	7.78755
986	0.0157537	0.000402096	0.228902	7.80273
987	0.0157418	0.000401794	0.22873	7.79686
988	0.0156912	0.000400502	0.227995	7.7718
989	0.0156817	0.000400258	0.227856	7.76707
990	0.0156683	0.000399916	0.227661	7.76041
991	0.0156504	0.00039946	0.227401	7.75157
992	0.0156468	0.000399369	0.227349	7.7498
993	0.0156434	0.000399281	0.227299	7.7481
994	0.0156012	0.000398204	0.226686	7.7272
995	0.0156118	0.000398476	0.226841	7.73248
996	0.0155924	0.000397979	0.226559	7.72284
997	0.0155743	0.000397517	0.226295	7.71386
998	0.0155511	0.000396925	0.225958	7.70238
999	0.0155566	0.000397067	0.226039	7.70513
1000	0.0155087	0.000395842	0.225342	7.68137
1001	0.0155446	0.000396759	0.225864	7.69916
1002	0.0155218	0.000396178	0.225533	7.68789
1003	0.0155021	0.000395676	0.225247	7.67814
1004	0.0154218	0.000393625	0.22408	7.63835
1005	0.0154909	0.00039539	0.225084	7.6726
1006	0.0154759	0.000395007	0.224866	7.66516
1007	0.0154895	0.000395353	0.225063	7.67187
1008	0.0154044	0.000393182	0.223828	7.62975
1009	0.01539	0.000392815	0.223618	7.62262
1010	0.0154247	0.000393698	0.224122	7.63977
1011	0.0153997	0.000393062	0.223759	7.62743
1012	0.0153238	0.000391125	0.222656	7.58982
1013	0.0154025	0.000393131	0.223799	7.62877
1014	0.0153679	0.000392249	0.223296	7.61164
1015	0.0153846	0.000392676	0.22354	7.61994
1016	0.0153747	0.000392424	0.223396	7.61504
1017	0.015328	0.000391231	0.222717	7.59189
1018	0.0152636	0.000389587	0.221781	7.55999
1019	0.0152947	0.000390381	0.222233	7.5754
1020	0.0153361	0.000391439	0.222835	7.59592
1021	0.0152538	0.000389338	0.221639	7.55516
1022	0.0151871	0.000387634	0.220669	7.5221
1023	0.0152683	0.000389707	0.221849	7.56231
1024	0.0151737	0.000387292	0.220474	7.51545
1025	0.0152372	0.000388914	0.221398	7.54692
1026	0.0151927	0.000387779	0.220751	7.52489
1027	0.015197	0.000387888	0.220814	7.52702
1028	0.0151288	0.000386148	0.219823	7.49324
1029	0.0151731	0.000387278	0.220466	7.51517
1030	0.0151228	0.000385994	0.219736	7.49027
1031	0.0151099	0.000385665	0.219548	7.48387
1032	0.0151544	0.000386801	0.220195	7.50592
1033	0.015113	0.000385743	0.219593	7.4854
1034	0.0151009	0.000385436	0.219418	7.47943
1035	0.0150862	0.000385058	0.219203	7.47211
1036	0.0150463	0.00038404	0.218623	7.45235
1037	0.0150202	0.000383376	0.218245	7.43946
1038	0.0150927	0.000385225	0.219298	7.47535
1039	0.0150086	0.00038308	0.218077	7.43371
1040	0.0149988	0.000382828	0.217933	7.42883
1041	0.0150236	0.000383461	0.218294	7.44111
1042	0.0149688	0.000382062	0.217497	7.41397
1043	0.0149653	0.000381975	0.217448	7.41227
1044	0.0149523	0.000381641	0.217258	7.4058
1045	0.0149423	0.000381386	0.217112	7.40084
1046	0.0149188	0.000380787	0.216772	7.38923
1047	0.0148802	0.000379802	0.216211	7.37011
1048	0.0149649	0.000381962	0.217441	7.41203
1049	0.0149277	0.000381013	0.2169	7.3936
1050	0.0149034	0.000380394	0.216548	7.38159
1051	0.0149038	0.000380403	0.216553	7.38177
1052	0.0149353	0.000381208	0.217011	7.39739
1053	0.0148605	0.0003793	0.215925	7.36036
1054	0.0148783	0.000379752	0.216182	7.36914
1055	0.0148382	0.000378728	0.215599	7.34927
1056	0.0147851	0.000377373	0.214828	7.32298
1057	0.0148068	0.000377928	0.215144	7.33375
1058	0.0147895	0.000377486	0.214892	7.32517
1059	0.0147808	0.000377265	0.214767	7.32088
1060	0.0147048	0.000375325	0.213662	7.28324
1061	0.0147421	0.000376277	0.214204	7.30171
1062	0.0147783	0.000377201	0.21473	7.31963
1063	0.0147056	0.000375345	0.213673	7.28362
1064	0.0147507	0.000376495	0.214328	7.30594
1065	0.0147329	0.000376041	0.21407	7.29713
1066	0.0146759	0.000374587	0.213242	7.26891
1067	0.0146944	0.000375059	0.213511	7.27807
1068	0.0146409	0.000373694	0.212734	7.25159
1069	0.0146677	0.000374377	0.213122	7.26484
1070	0.0146567	0.000374096	0.212962	7.25938
1071	0.0146575	0.000374117	0.212974	7.25978
1072	0.0146572	0.000374109	0.21297	7.25963
1073	0.0146224	0.000373221	0.212464	7.2424
1074	0.0145882	0.000372348	0.211967	7.22547
1075	0.0146086	0.000372869	0.212264	7.23558
1076	0.0145329	0.000370938	0.211164	7.19809
1077	0.0145678	0.000371827	0.21167	7.21534
1078	0.0145475	0.00037131	0.211377	7.20533
1079	0.014527	0.000370787	0.211078	7.19516
1080	0.014523	0.000370685	0.21102	7.19319
1081	0.014499	0.000370071	0.210671	7.18128
1082	0.0145446	0.000371234	0.211333	7.20385
1083	0.014505	0.000370224	0.210758	7.18424
1084	0.0144573	0.000369006	0.210065	7.16061
1085	0.0144766	0.000369499	0.210345	7.17018
1086	0.0144551	0.000368951	0.210034	7.15955
1087	0.0144155	0.000367941	0.209459	7.13995
1088	0.0144322	0.000368367	0.209701	7.1482
1089	0.0143756	0.000366923	0.208879	7.12018
1090	0.0143806	0.000367049	0.208951	7.12264
1091	0.0144187	0.000368023	0.209505	7.14153
1092	0.0143953	0.000367425	0.209165	7.12993
1093	0.014361	0.00036655	0.208667	7.11295
1094	0.0143177	0.000365444	0.208037	7.09149
1095	0.0143246	0.00036562	0.208137	7.09491
1096	0.0143324	0.000365819	0.20825	7.09876
1097	0.0143453	0.000366148	0.208438	7.10515
1098	0.0143063	0.000365154	0.207872	7.08586
1099	0.0142672	0.000364156	0.207304	7.06649
1100	0.0142737	0.000364321	0.207398	7.06969
1101	0.0142634	0.000364058	0.207248	7.06459
1102	0.0142301	0.000363208	0.206764	7.04811
1103	0.0142524	0.000363778	0.207088	7.05915
1104	0.0141976	0.00036238	0.206293	7.03203
1105	0.0142216	0.000362992	0.206641	7.04391
1106	0.0142003	0.000362449	0.206332	7.03337
1107	0.0142194	0.000362935	0.206609	7.0428
1108	0.0141698	0.00036167	0.205889	7.01826
1109	0.0141246	0.000360514	0.205231	6.99583
1110	0.0141201	0.000360401	0.205166	6.99364
1111	0.0141231	0.000360476	0.205209	6.99509
1112	0.0141776	0.000361869	0.206002	7.02211
1113	0.0140997	0.00035988	0.20487	6.98352
1114	0.0140939	0.000359731	0.204785	6.98063
1115	0.0141092	0.000360122	0.205007	6.98821
1116	0.0141252	0.000360531	0.20524	6.99616
1117	0.014063	0.000358942	0.204336	6.96532
1118	0.0140566	0.000358781	0.204244	6.9622
1119	0.0140227	0.000357914	0.20375	6.94536
1120	0.0140518	0.000358657	0.204174	6.95979
1121	0.0140185	0.000357808	0.20369	6.94331
1122	0.0139648	0.000356436	0.202909	6.91669
1123	0.013977	0.000356749	0.203087	6.92275
1124	0.013976	0.000356723	0.203072	6.92225
1125	0.0139487	0.000356026	0.202675	6.90872
1126	0.0139528	0.000356131	0.202735	6.91077
1127	0.0139152	0.000355172	0.202189	6.89216
1128	0.0139162	0.000355195	0.202203	6.89261
1129	0.0139231	0.000355372	0.202303	6.89604
1130	0.0139097	0.000355031	0.202109	6.88942
1131	0.0139022	0.00035484	0.202	6.88571
1132	0.0138835	0.000354361	0.201728	6.87642
1133	0.0138593	0.000353744	0.201376	6.86445
1134	0.0138347	0.000353115	0.201019	6.85225
1135	0.0138652	0.000353894	0.201462	6.86737
1136	0.0137674	0.000351397	0.200041	6.81891
1137	0.0138317	0.000353038	0.200975	6.85075
1138	0.0138212	0.000352772	0.200823	6.84559
1139	0.0137468	0.000350873	0.199742	6.80874
1140	0.0138077	0.000352428	0.200627	6.83891
1141	0.013761	0.000351234	0.199948	6.81574
1142	0.0137647	0.00035133	0.200002	6.8176
1143	0.013698	0.000349627	0.199033	6.78456
1144	0.0137459	0.000350849	0.199729	6.80827
1145	0.0137234	0.000350274	0.199401	6.79712
1146	0.0137072	0.000349861	0.199166	6.7891
1147	0.0137048	0.000349802	0.199132	6.78795
1148	0.0136979	0.000349625	0.199032	6.78452
1149	0.0136742	0.000349018	0.198686	6.77275
1150	0.0136787	0.000349135	0.198753	6.77501
1151	0.0136457	0.000348292	0.198273	6.75866
1152	0.0136353	0.000348027	0.198122	6.75352
1153	0.0136497	0.000348394	0.198331	6.76063
1154	0.0135917	0.000346914	0.197488	6.73191
1155	0.0136136	0.000347473	0.197807	6.74277
1156	0.0136121	0.000347435	0.197785	6.74202
1157	0.013556	0.000346003	0.19697	6.71424
1158	0.0135841	0.00034672	0.197378	6.72815
1159	0.0135329	0.000345413	0.196634	6.70278
1160	0.0135234	0.000345172	0.196496	6.6981
1161	0.0135528	0.000345921	0.196923	6.71265
1162	0.0134707	0.000343825	0.19573	6.67196
1163	0.0135837	0.000346711	0.197373	6.72796
1164	0.0134746	0.000343924	0.195786	6.67389
1165	0.013483	0.000344138	0.195908	6.67805
1166	0.013519	0.000345057	0.196432	6.69588
1167	0.0134855	0.000344203	0.195945	6.67931
1168	0.0134507	0.000343316	0.19544	6.66209
1169	0.0134224	0.000342593	0.195029	6.64807
1170	0.0134155	0.000342416	0.194928	6.64463
1171	0.0134548	0.000343419	0.195499	6.66409
1172	0.013388	0.000341714	0.194528	6.631
1173	0.0134017	0.000342064	0.194727	6.6378
1174	0.0133914	0.000341802	0.194578	6.63271
1175	0.0134114	0.000342311	0.194868	6.6426
1176	0.013376	0.000341408	0.194354	6.62506
1177	0.0133475	0.00034068	0.19394	6.61094
1178	0.013294	0.000339315	0.193162	6.58445
1179	0.0133554	0.000340881	0.194054	6.61485
1180	0.0133666	0.000341169	0.194218	6.62044
1181	0.0132904	0.000339223	0.19311	6.58266
1182	0.0132796	0.000338948	0.192954	6.57734
1183	0.0132817	0.000339001	0.192984	6.57836
1184	0.0132571	0.000338373	0.192626	6.56618
1185	0.0132447	0.000338058	0.192447	6.56005
1186	0.0132354	0.00033782	0.192312	6.55545
1187	0.013204	0.000337019	0.191856	6.5399
1188	0.0132138	0.000337269	0.191998	6.54475
1189	0.013192	0.000336712	0.191681	6.53395
1190	0.0132166	0.00033734	0.192038	6.54614
1191	0.013185	0.000336532	0.191578	6.53045
1192	0.0131825	0.000336469	0.191542	6.52922
1193	0.0131716	0.000336192	0.191385	6.52385
1194	0.0131262	0.000335031	0.190724	6.50132
1195	0.0131417	0.000335428	0.19095	6.50903
1196	0.0131108	0.00033464	0.190501	6.49373
1197	0.0130987	0.00033433	0.190325	6.48771
1198	0.0130919	0.000334157	0.190226	6.48436
1199	0.013078	0.000333801	0.190024	6.47746
1200	0.0130499	0.000333086	0.189617	6.46358
1201	0.0130636	0.000333434	0.189814	6.47032
1202	0.0130562	0.000333246	0.189708	6.46669
1203	0.0130467	0.000333004	0.18957	6.46199
1204	0.0130171	0.000332247	0.189139	6.4473
1205	0.0130016	0.000331852	0.188914	6.43963
1206	0.0129998	0.000331806	0.188888	6.43875
1207	0.0130362	0.000332735	0.189417	6.45678
1208	0.0129798	0.000331296	0.188598	6.42885
1209	0.0129846	0.000331418	0.188667	6.43122
1210	0.0129466	0.000330448	0.188115	6.41238
1211	0.0129077	0.000329456	0.18755	6.39313
1212	0.0129458	0.000330427	0.188103	6.41198
1213	0.0129278	0.00032997	0.187842	6.4031
1214	0.0129315	0.000330064	0.187896	6.40493
1215	0.0128996	0.000329249	0.187432	6.38912
1216	0.0129143	0.000329625	0.187646	6.39642
1217	0.0129181	0.00032972	0.1877	6.39826
1218	0.0128925	0.000329067	0.187328	6.38558
1219	0.0128572	0.000328167	0.186816	6.36812
1220	0.0127977	0.000326647	0.185951	6.33864
1221	0.0128311	0.0003275	0.186436	6.35517
1222	0.0128473	0.000327913	0.186671	6.36319
1223	0.0128338	0.000327569	0.186476	6.35651
1224	0.0128129	0.000327035	0.186172	6.34615
1225	0.0127717	0.000325985	0.185574	6.32578
1226	0.01279	0.00032645	0.185839	6.33481
1227	0.0127764	0.000326104	0.185642	6.32809
1228	0.0127592	0.000325666	0.185392	6.31958
1229	0.0127129	0.000324483	0.184719	6.29663
1230	0.0127342	0.000325028	0.185029	6.30721
1231	0.0126938	0.000323995	0.184441	6.28717
1232	0.0127447	0.000325295	0.185182	6.3124
1233	0.0127224	0.000324725	0.184857	6.30134
1234	0.0126615	0.000323171	0.183972	6.27118
1235	0.01273	0.00032492	0.184968	6.30512
1236	0.0127044	0.000324268	0.184596	6.29245
1237	0.0126382	0.000322577	0.183634	6.25964
1238	0.0126624	0.000323196	0.183986	6.27165
1239	0.0126637	0.000323226	0.184004	6.27225
1240	0.0126349	0.000322493	0.183586	6.25802
1241	0.0125912	0.000321378	0.182951	6.23638
1242	0.0126085	0.000321818	0.183202	6.24491
1243	0.0125999	0.0003216	0.183078	6.24069
1244	0.0125896	0.000321337	0.182928	6.23559
1245	0.012589	0.00032132	0.182918	6.23525
1246	0.0125827	0.000321159	0.182827	6.23214
1247	0.0125445	0.000320186	0.182273	6.21326
1248	0.0125191	0.000319538	0.181904	6.20068
1249	0.0125676	0.000320776	0.182609	6.2247
1250	0.0125869	0.000321269	0.182889	6.23426
1251	0.0124935	0.000318882	0.181531	6.18795
1252	0.0125136	0.000319397	0.181824	6.19794
1253	0.0125095	0.000319293	0.181765	6.19592
1254	0.0124905	0.000318807	0.181488	6.18649
1255	0.012468	0.000318233	0.181161	6.17536
1256	0.0124794	0.000318522	0.181326	6.18097
1257	0.0124483	0.000317729	0.180874	6.16557
1258	0.0124409	0.000317541	0.180767	6.16193
1259	0.0124388	0.000317489	0.180737	6.16091
1260	0.0124112	0.000316782	0.180335	6.14719
1261	0.012404	0.000316599	0.180231	6.14365
1262	0.0123302	0.000314715	0.179159	6.10709
1263	0.0123867	0.000316157	0.179979	6.13507
1264	0.0123519	0.000315269	0.179474	6.11783
1265	0.0123697	0.000315723	0.179732	6.12665
1266	0.0123498	0.000315214	0.179443	6.11678
1267	0.0123397	0.000314958	0.179297	6.11179
1268	0.0122999	0.000313941	0.178718	6.09206
1269	0.0123497	0.000315214	0.179443	6.11677
1270	0.0123138	0.000314297	0.17892	6.09897
1271	0.0123105	0.000314213	0.178873	6.09735
1272	0.0122833	0.000313518	0.178477	6.08385
1273	0.0122853	0.000313568	0.178506	6.08483
1274	0.0122593	0.000312906	0.178129	6.07199
1275	0.0122354	0.000312295	0.177781	6.06013
1276	0.0122753	0.000313315	0.178361	6.07992
1277	0.0122238	0.000311999	0.177612	6.05438
1278	0.0122508	0.00031269	0.178005	6.06778
1279	0.0122684	0.000313137	0.17826	6.07647
1280	0.0122524	0.000312731	0.178029	6.06858
1281	0.0122185	0.000311864	0.177536	6.05177
1282	0.0122016	0.000311432	0.17729	6.04338
1283	0.0121915	0.000311174	0.177143	6.03838
1284	0.0121717	0.000310671	0.176856	6.0286
1285	0.0121912	0.000311168	0.177139	6.03826
1286	0.0121891	0.000311114	0.177108	6.03721
1287	0.0121103	0.000309102	0.175963	5.99816
1288	0.0121086	0.000309059	0.175939	5.99734
1289	0.0121142	0.000309203	0.176021	6.00013
1290	0.0121293	0.000309587	0.176239	6.00758
1291	0.0120963	0.000308746	0.175761	5.99126
1292	0.0120472	0.000307491	0.175046	5.9669
1293	0.0120867	0.000308501	0.175621	5.9865
1294	0.0120825	0.000308393	0.175559	5.9844
1295	0.0120504	0.000307573	0.175093	5.9685
1296	0.0120538	0.000307661	0.175143	5.97021
1297	0.0120383	0.000307266	0.174918	5.96253
1298	0.0120308	0.000307073	0.174808	5.95879
1299	0.0119957	0.000306178	0.174299	5.94143
1300	0.0119878	0.000305975	0.174183	5.93749
1301	0.0120128	0.000306613	0.174546	5.94986
1302	0.0119824	0.000305837	0.174105	5.93481
1303	0.0119355	0.000304642	0.173424	5.91162
1304	0.0119386	0.00030472	0.173469	5.91314
1305	0.011936	0.000304654	0.173431	5.91184
1306	0.0119377	0.000304696	0.173455	5.91267
1307	0.0119348	0.000304623	0.173414	5.91126
1308	0.0119598	0.000305262	0.173777	5.92366
1309	0.0119261	0.000304401	0.173287	5.90694
1310	0.0119018	0.000303782	0.172934	5.89492
1311	0.0118836	0.000303317	0.17267	5.8859
1312	0.0119061	0.00030389	0.172996	5.89703
1313	0.011884	0.000303327	0.172676	5.88611
1314	0.0118412	0.000302234	0.172053	5.86488
1315	0.0118544	0.000302572	0.172246	5.87144
1316	0.0118634	0.000302801	0.172376	5.8759
1317	0.0118398	0.000302198	0.172033	5.86418
1318	0.0118129	0.000301512	0.171642	5.85088
1319	0.0118202	0.000301698	0.171748	5.85449
1320	0.0118181	0.000301643	0.171717	5.85343
1321	0.011806	0.000301335	0.171542	5.84745
1322	0.0118283	0.000301904	0.171865	5.85848
1323	0.0117519	0.000299955	0.170756	5.82066
1324	0.0117536	0.000299999	0.170781	5.82153
1325	0.0117734	0.000300504	0.171068	5.83132
1326	0.0117404	0.000299662	0.170589	5.81498
1327	0.0117085	0.000298848	0.170126	5.79919
1328	0.0117231	0.000299221	0.170338	5.80642
1329	0.0116969	0.000298551	0.169957	5.79342
1330	0.0116913	0.000298407	0.169875	5.79063
1331	0.0116843	0.000298229	0.169773	5.78716
1332	0.0116779	0.000298065	0.16968	5.78399
1333	0.0117056	0.000298773	0.170083	5.79773
1334	0.0116315	0.000296882	0.169007	5.76104
1335	0.0116648	0.00029773	0.16949	5.7775
1336	0.0116553	0.00029749	0.169353	5.77284
1337	0.0116366	0.000297013	0.169081	5.76357
1338	0.0116741	0.00029797	0.169626	5.78215
1339	0.0116344	0.000296955	0.169048	5.76244
1340	0.0116171	0.000296515	0.168798	5.75392
1341	0.0115887	0.000295789	0.168385	5.73983
1342	0.0116081	0.000296284	0.168666	5.74942
1343	0.0115751	0.000295442	0.168187	5.73308
1344	0.0115628	0.000295128	0.168008	5.727
1345	0.0115055	0.000293665	0.167175	5.69861
1346	0.0115282	0.000294245	0.167506	5.70987
1347	0.0115253	0.000294171	0.167463	5.70842
1348	0.0115287	0.000294258	0.167513	5.71012
1349	0.0115291	0.000294269	0.167519	5.71032
1350	0.0114661	0.00029266	0.166603	5.6791
1351	0.0115039	0.000293625	0.167153	5.69784
1352	0.0114646	0.000292623	0.166582	5.67839
1353	0.0114814	0.00029305	0.166825	5.68668
1354	0.0114557	0.000292395	0.166452	5.67396
1355	0.0114058	0.000291122	0.165727	5.64926
1356	0.0114178	0.000291428	0.165902	5.65521
1357	0.0114703	0.000292766	0.166664	5.68117
1358	0.0114527	0.000292318	0.166408	5.67246
1359	0.0114356	0.000291881	0.16616	5.66399
1360	0.0114125	0.000291293	0.165825	5.65257
1361	0.0113915	0.000290756	0.165519	5.64217
1362	0.0113828	0.000290534	0.165393	5.63785
1363	0.0113753	0.000290343	0.165284	5.63415
1364	0.0113704	0.000290217	0.165212	5.6317
1365	0.0113694	0.000290192	0.165198	5.63122
1366	0.0113351	0.000289317	0.1647	5.61422
1367	0.0113219	0.00028898	0.164508	5.6077
1368	0.0113243	0.000289041	0.164543	5.60889
1369	0.0113134	0.000288764	0.164385	5.6035
1370	0.0113052	0.000288553	0.164265	5.5994
1371	0.011336	0.00028934	0.164713	5.61468
1372	0.0113193	0.000288913	0.16447	5.60639
1373	0.0113406	0.000289457	0.16478	5.61695
1374	0.0113051	0.00028855	0.164263	5.59934
1375	0.011271	0.000287681	0.163769	5.58248
1376	0.0112566	0.000287312	0.163558	5.57532
1377	0.0113014	0.000288457	0.16421	5.59755
1378	0.0112646	0.000287516	0.163675	5.57929
1379	0.0112321	0.000286687	0.163203	5.56321
1380	0.011216	0.000286276	0.162969	5.55523
1381	0.0111781	0.00028531	0.162419	5.53648
1382	0.0111871	0.00028554	0.16255	5.54093
1383	0.011181	0.000285384	0.162461	5.53791
1384	0.0111723	0.000285161	0.162334	5.53359
1385	0.0111757	0.000285248	0.162384	5.53528
1386	0.0111938	0.00028571	0.162646	5.54423
1387	0.011204	0.00028597	0.162795	5.54928
1388	0.0111283	0.000284038	0.161695	5.51179
1389	0.0111727	0.00028517	0.16234	5.53377
1390	0.0111615	0.000284884	0.162177	5.52822
1391	0.0111295	0.00028407	0.161713	5.51241
1392	0.011137	0.00028426	0.161821	5.5161
1393	0.0111074	0.000283506	0.161392	5.50146
1394	0.0111036	0.000283408	0.161336	5.49957
1395	0.0110926	0.000283128	0.161177	5.49414
1396	0.0110541	0.000282143	0.160616	5.47503
1397	0.0111101	0.000283573	0.16143	5.50276
1398	0.0111054	0.000283453	0.161362	5.50044
1399	0.0109942	0.000280616	0.159747	5.4454
1400	0.0110172	0.000281202	0.16008	5.45676
1401	0.011035	0.000281658	0.16034	5.4656
1402	0.0110004	0.000280774	0.159837	5.44845
1403	0.0110219	0.000281324	0.16015	5.45912
1404	0.0110092	0.000280999	0.159965	5.45281
1405	0.0109906	0.000280523	0.159694	5.44358
1406	0.0109894	0.000280493	0.159677	5.44299
1407	0.0109689	0.000279969	0.159379	5.43284
1408	0.0110021	0.000280818	0.159862	5.4493
1409	0.0109416	0.000279274	0.158983	5.41935
1410	0.0109247	0.000278843	0.158737	5.41098
1411	0.010976	0.000280152	0.159483	5.43638
1412	0.0108924	0.000278017	0.158267	5.39495
1413	0.0109201	0.000278723	0.158669	5.40866
1414	0.0109021	0.000278264	0.158408	5.39975
1415	0.0109189	0.000278693	0.158652	5.40808
1416	0.0109032	0.000278294	0.158425	5.40033
1417	0.0108832	0.000277782	0.158134	5.3904
1418	0.0109091	0.000278443	0.15851	5.40323
1419	0.0108992	0.00027819	0.158366	5.39832
1420	0.0108536	0.000277028	0.157704	5.37576
1421	0.0108338	0.00027652	0.157415	5.36591
1422	0.0108472	0.000276862	0.15761	5.37255
1423	0.0108461	0.000276835	0.157594	5.37202
1424	0.0108832	0.000277783	0.158134	5.39041
1425	0.010832	0.000276476	0.15739	5.36506
1426	0.0108275	0.000276361	0.157324	5.36282
1427	0.010796	0.000275557	0.156867	5.34723
1428	0.0108394	0.000276665	0.157497	5.36871
1429	0.0107731	0.000274973	0.156534	5.33589
1430	0.0108034	0.000275745	0.156974	5.35086
1431	0.010794	0.000275505	0.156837	5.3462
1432	0.0107807	0.000275165	0.156644	5.33961
1433	0.0107449	0.000274252	0.156124	5.32189
1434	0.0107137	0.000273457	0.155671	5.30647
1435	0.0107494	0.000274366	0.156189	5.32412
1436	0.010738	0.000274077	0.156024	5.3185
1437	0.0107538	0.000274479	0.156253	5.3263
1438	0.0107358	0.000274019	0.155991	5.31738
1439	0.0107094	0.000273347	0.155609	5.30433
1440	0.0106777	0.000272538	0.155148	5.28863
1441	0.0106878	0.000272795	0.155294	5.29362
1442	0.0106933	0.000272935	0.155375	5.29635
1443	0.0106706	0.000272356	0.155044	5.28509
1444	0.0106587	0.000272052	0.154872	5.27921
1445	0.0106558	0.000271979	0.15483	5.27779
1446	0.0105959	0.00027045	0.153959	5.24811
1447	0.0106299	0.000271318	0.154454	5.26496
1448	0.0106553	0.000271967	0.154823	5.27755
1449	0.0105954	0.000270437	0.153952	5.24787
1450	0.0106237	0.000271159	0.154363	5.26188
1451	0.0105726	0.000269854	0.15362	5.23655
1452	0.0106042	0.000270662	0.15408	5.25224
1453	0.0106338	0.000271416	0.15451	5.26687
1454	0.0105613	0.000269567	0.153457	5.23099
1455	0.0105546	0.000269396	0.15336	5.22767
1456	0.0106086	0.000270774	0.154144	5.25441
1457	0.010556	0.00026943	0.153379	5.22833
1458	0.0106001	0.000270556	0.15402	5.25018
1459	0.0105595	0.000269519	0.15343	5.23006
1460	0.0105402	0.000269026	0.153149	5.22049
1461	0.010527	0.000268691	0.152959	5.21399
1462	0.0105115	0.000268296	0.152733	5.20632
1463	0.0104949	0.000267871	0.152492	5.19807
1464	0.0104908	0.000267768	0.152433	5.19606
1465	0.0104869	0.000267667	0.152375	5.19412
1466	0.0104708	0.000267255	0.152141	5.18612
1467	0.0104523	0.000266785	0.151873	5.17699
1468	0.0104344	0.000266327	0.151612	5.1681
1469	0.0104861	0.000267646	0.152363	5.1937
1470	0.0104693	0.000267218	0.15212	5.18541
1471	0.0104513	0.000266759	0.151858	5.17648
1472	0.0104297	0.000266207	0.151544	5.16578
1473	0.0104366	0.000266383	0.151645	5.1692
1474	0.0104194	0.000265943	0.151394	5.16066
1475	0.0104022	0.000265505	0.151145	5.15217
1476	0.010385	0.000265067	0.150895	5.14367
1477	0.0104557	0.000266871	0.151922	5.17866
1478	0.010394	0.000265297	0.151026	5.14812
1479	0.0103973	0.000265379	0.151073	5.14971
1480	0.0103695	0.00026467	0.150669	5.13596
1481	0.0103156	0.000263296	0.149887	5.10928
1482	0.0103457	0.000264064	0.150324	5.1242
1483	0.0103381	0.000263868	0.150213	5.12039
1484	0.0103243	0.000263516	0.150012	5.11356
1485	0.0103425	0.000263982	0.150278	5.12261
1486	0.0103255	0.000263547	0.15003	5.11415
1487	0.0102893	0.000262622	0.149504	5.09622
1488	0.0103059	0.000263048	0.149746	5.10448
1489	0.0102465	0.000261532	0.148883	5.07506
1490	0.0102535	0.000261711	0.148985	5.07853
1491	0.0102864	0.000262549	0.149462	5.09479
1492	0.0103077	0.000263094	0.149772	5.10536
1493	0.0102396	0.000261356	0.148782	5.07164
1494	0.0102682	0.000262086	0.149198	5.08581
1495	0.0102146	0.000260718	0.148419	5.05926
1496	0.0102845	0.000262502	0.149435	5.09388
1497	0.0102476	0.000261559	0.148898	5.07558
1498	0.0102403	0.000261372	0.148792	5.07196
1499	0.0101817	0.000259878	0.147941	5.04296
5000	0.00373754	9.53969e-05	0.0543068	1.85119
10000	0.00345498	8.81847e-05	0.0502011	1.71124
15000	0.00328436	8.383e-05	0.047722	1.62673
20000	0.00315139	8.04359e-05	0.0457899	1.56087
25000	0.00308594	7.87654e-05	0.0448389	1.52845
30000	0.0030328	7.74091e-05	0.0440668	1.50213
35000	0.00292245	7.45925e-05	0.0424634	1.44748
40000	0.00288281	7.35808e-05	0.0418875	1.42784
45000	0.00283081	7.22534e-05	0.0411319	1.40209
50000	0.00283484	7.23563e-05	0.0411904	1.40408
55000	0.0027654	7.05839e-05	0.0401814	1.36969
60000	0.0027155	6.93104e-05	0.0394564	1.34498
65000	0.00280869	7.16889e-05	0.0408105	1.39113
70000	0.00271299	6.92461e-05	0.0394199	1.34373
75000	0.00266124	6.79252e-05	0.0386679	1.3181
80000	0.00267947	6.83907e-05	0.0389329	1.32713
85000	0.00261069	6.6635e-05	0.0379334	1.29306
90000	0.0025975	6.62985e-05	0.0377419	1.28653
95000	0.0025297	6.45679e-05	0.0367567	1.25295
100000	0.00255022	6.50916e-05	0.0370548	1.26311
105000	0.00261226	6.66751e-05	0.0379563	1.29384
110000	0.00256562	6.54848e-05	0.0372787	1.27074
115000	0.00249301	6.36314e-05	0.0362236	1.23478
120000	0.00252814	6.45282e-05	0.0367341	1.25218
125000	0.00247809	6.32506e-05	0.0360068	1.22739
130000	0.00246595	6.29407e-05	0.0358304	1.22137
135000	0.00241548	6.16526e-05	0.0350971	1.19638
140000	0.00242272	6.18374e-05	0.0352023	1.19996
145000	0.00242397	6.18692e-05	0.0352204	1.20058
150000	0.00242583	6.19167e-05	0.0352474	1.2015
155000	0.00237798	6.06953e-05	0.0345522	1.1778
160000	0.00232635	5.93775e-05	0.033802	1.15223
165000	0.00234975	5.99749e-05	0.034142	1.16382
170000	0.00233983	5.97216e-05	0.0339978	1.15891
175000	0.00231656	5.91278e-05	0.0336598	1.14738
180000	0.0023445	5.98409e-05	0.0340657	1.16122
185000	0.00234931	5.99637e-05	0.0341356	1.1636
190000	0.00232917	5.94496e-05	0.033843	1.15363
195000	0.00235644	6.01457e-05	0.0342393	1.16714
200000	0.00231638	5.91231e-05	0.0336571	1.14729
205000	0.00232546	5.93548e-05	0.033789	1.15179
210000	0.00228337	5.82805e-05	0.0331775	1.13094
215000	0.00230748	5.8896e-05	0.0335278	1.14288
220000	0.00230746	5.88955e-05	0.0335275	1.14287
225000	0.00234117	5.97558e-05	0.0340173	1.15957
230000	0.00225958	5.76733e-05	0.0328318	1.11916
235000	0.00230965	5.89514e-05	0.0335594	1.14396
240000	0.00232099	5.92408e-05	0.0337241	1.14957
245000	0.00230389	5.88045e-05	0.0334757	1.14111
250000	0.0022653	5.78195e-05	0.032915	1.122
255000	0.00223407	5.70222e-05	0.0324612	1.10652
260000	0.00222441	5.67756e-05	0.0323208	1.10174
265000	0.0022476	5.73677e-05	0.0326578	1.11323
270000	0.00225445	5.75424e-05	0.0327573	1.11662
275000	0.00224628	5.73339e-05	0.0326386	1.11257
280000	0.00220524	5.62863e-05	0.0320422	1.09224
285000	0.00222139	5.66987e-05	0.032277	1.10024
290000	0.00224984	5.74247e-05	0.0326903	1.11433
295000	0.00220523	5.62862e-05	0.0320422	1.09224
300000	0.00219726	5.60826e-05	0.0319263	1.08829
305000	0.00217869	5.56088e-05	0.0316565	1.0791
310000	0.00216668	5.53023e-05	0.031482	1.07315
315000	0.0021965	5.60633e-05	0.0319153	1.08792
320000	0.0021345	5.44809e-05	0.0310145	1.05721
325000	0.00220761	5.6347e-05	0.0320768	1.09342
330000	0.00217635	5.55489e-05	0.0316225	1.07793
335000	0.00214485	5.47451e-05	0.0311649	1.06234
340000	0.00219438	5.60093e-05	0.0318845	1.08687
345000	0.00222361	5.67553e-05	0.0323092	1.10134
350000	0.00218765	5.58374e-05	0.0317867	1.08353
355000	0.0022169	5.6584e-05	0.0322117	1.09802
360000	0.00220787	5.63535e-05	0.0320805	1.09355
365000	0.00222899	5.68926e-05	0.0323873	1.10401
370000	0.00215276	5.4947e-05	0.0312798	1.06625
375000	0.00222351	5.67528e-05	0.0323078	1.1013
380000	0.00214526	5.47555e-05	0.0311708	1.06254
385000	0.00215753	5.50688e-05	0.0313491	1.06862
390000	0.00219905	5.61285e-05	0.0319524	1.08918
395000	0.00218913	5.58753e-05	0.0318083	1.08427
400000	0.0021736	5.54789e-05	0.0315826	1.07658
405000	0.0021367	5.4537e-05	0.0310464	1.0583
410000	0.00216452	5.52472e-05	0.0314507	1.07208
415000	0.00213122	5.4397e-05	0.0309667	1.05558
420000	0.00211713	5.40375e-05	0.030762	1.0486
425000	0.00216099	5.51571e-05	0.0313994	1.07033
430000	0.00212836	5.43241e-05	0.0309252	1.05417
435000	0.00213191	5.44148e-05	0.0309768	1.05593
440000	0.00212616	5.42679e-05	0.0308932	1.05307
445000	0.00213222	5.44228e-05	0.0309813	1.05608
450000	0.00212914	5.4344e-05	0.0309365	1.05455
455000	0.0021488	5.48459e-05	0.0312223	1.06429
460000	0.00214375	5.47169e-05	0.0311488	1.06179
465000	0.00212718	5.42941e-05	0.0309081	1.05358
470000	0.00211901	5.40854e-05	0.0307893	1.04953
475000	0.00207436	5.29458e-05	0.0301405	1.02742
480000	0.00207392	5.29347e-05	0.0301343	1.02721
485000	0.00209349	5.34341e-05	0.0304185	1.0369
490000	0.00209052	5.33582e-05	0.0303754	1.03542
495000	0.00205219	5.23799e-05	0.0298184	1.01644
500000	0.00209543	5.34836e-05	0.0304467	1.03786
505000	0.00213848	5.45823e-05	0.0310722	1.05918
510000	0.00209542	5.34835e-05	0.0304466	1.03785
515000	0.0021064	5.37636e-05	0.0306061	1.04329
520000	0.00207064	5.28508e-05	0.0300865	1.02558
525000	0.00211715	5.4038e-05	0.0307623	1.04861
530000	0.00212656	5.42782e-05	0.030899	1.05328
535000	0.00211082	5.38765e-05	0.0306704	1.04548
540000	0.0021047	5.37203e-05	0.0305815	1.04245
545000	0.00211262	5.39225e-05	0.0306966	1.04637
550000	0.00206519	5.27119e-05	0.0300074	1.02288
555000	0.00210261	5.3667e-05	0.0305511	1.04142
560000	0.00206367	5.2673e-05	0.0299853	1.02213
565000	0.00203558	5.1956e-05	0.0295771	1.00821
570000	0.00208042	5.31006e-05	0.0302287	1.03042
575000	0.0020745	5.29495e-05	0.0301427	1.02749
580000	0.00209047	5.33571e-05	0.0303747	1.0354
585000	0.00207435	5.29457e-05	0.0301405	1.02742
590000	0.00207427	5.29436e-05	0.0301393	1.02738
595000	0.00206195	5.2629e-05	0.0299602	1.02127
600000	0.00205679	5.24975e-05	0.0298853	1.01872
605000	0.00205595	5.2476e-05	0.0298731	1.0183
610000	0.00209422	5.34529e-05	0.0304292	1.03726
615000	0.00201114	5.13322e-05	0.029222	0.996109
620000	0.00202227	5.16163e-05	0.0293837	1.00162
625000	0.00199878	5.10168e-05	0.0290424	0.989987
630000	0.00204835	5.2282e-05	0.0297627	1.01454
635000	0.00203361	5.19057e-05	0.0295485	1.00724
640000	0.00203849	5.20303e-05	0.0296194	1.00965
645000	0.00205925	5.25603e-05	0.0299211	1.01994
650000	0.00199959	5.10374e-05	0.0290542	0.990388
655000	0.00198931	5.0775e-05	0.0289048	0.985296
660000	0.00202398	5.166e-05	0.0294086	1.00247
665000	0.0019955	5.0933e-05	0.0289947	0.988361
670000	0.00204688	5.22446e-05	0.0297414	1.01381
675000	0.00203653	5.19802e-05	0.0295909	1.00868
680000	0.00200765	5.12431e-05	0.0291712	0.994378
685000	0.00197789	5.04836e-05	0.0287389	0.97964
690000	0.00203581	5.19619e-05	0.0295804	1.00833
695000	0.00200569	5.11932e-05	0.0291429	0.993411
700000	0.00199482	5.09156e-05	0.0289848	0.988024
705000	0.00199036	5.08018e-05	0.02892	0.985815
710000	0.00200792	5.12499e-05	0.0291752	0.994512
715000	0.00195381	4.98689e-05	0.028389	0.967712
720000	0.00201363	5.13957e-05	0.0292581	0.99734
725000	0.00197235	5.03421e-05	0.0286584	0.976896
730000	0.00199474	5.09135e-05	0.0289836	0.987983
735000	0.00202814	5.17662e-05	0.0294691	1.00453
740000	0.00202349	5.16475e-05	0.0294015	1.00223
745000	0.00201203	5.1355e-05	0.029235	0.996551
750000	0.00202762	5.17529e-05	0.0294615	1.00427
755000	0.00201769	5.14993e-05	0.0293171	0.999351
760000	0.00201359	5.13948e-05	0.0292576	0.997322
765000	0.0020144	5.14155e-05	0.0292694	0.997725
770000	0.00201489	5.1428e-05	0.0292765	0.997968
775000	0.0019927	5.08616e-05	0.0289541	0.986977
780000	0.00198972	5.07854e-05	0.0289107	0.985498
785000	0.00200027	5.10547e-05	0.029064	0.990724
790000	0.00200808	5.12542e-05	0.0291776	0.994595
795000	0.00200464	5.11662e-05	0.0291275	0.992887
800000	0.00198508	5.06671e-05	0.0288433	0.983201
805000	0.00201284	5.13755e-05	0.0292466	0.996949
810000	0.00199976	5.10419e-05	0.0290567	0.990474
815000	0.00201208	5.13561e-05	0.0292356	0.996572
820000	0.00198438	5.06493e-05	0.0288332	0.982855
825000	0.00202375	5.16542e-05	0.0294053	1.00236
830000	0.00200403	5.11508e-05	0.0291187	0.992589
835000	0.00199886	5.10189e-05	0.0290436	0.990028
840000	0.00200085	5.10695e-05	0.0290725	0.991011
845000	0.00198821	5.07469e-05	0.0288888	0.984751
850000	0.00198173	5.05816e-05	0.0287947	0.981542
855000	0.00200676	5.12205e-05	0.0291584	0.99394
860000	0.00199322	5.08747e-05	0.0289616	0.987231
865000	0.00196301	5.01038e-05	0.0285227	0.972271
870000	0.0019242	4.91132e-05	0.0279588	0.953048
875000	0.00200781	5.12474e-05	0.0291737	0.994462
880000	0.0019828	5.0609e-05	0.0288103	0.982073
885000	0.00197554	5.04236e-05	0.0287048	0.978477
890000	0.00199957	5.10369e-05	0.0290539	0.990378
895000	0.00199145	5.08297e-05	0.0289359	0.986358
900000	0.00196222	5.00837e-05	0.0285112	0.97188
905000	0.00202159	5.1599e-05	0.0293739	1.00129
910000	0.00196251	5.0091e-05	0.0285154	0.972022
915000	0.00200166	5.10901e-05	0.0290842	0.991411
920000	0.00199909	5.10246e-05	0.0290469	0.99014
925000	0.00195444	4.9885e-05	0.0283982	0.968026
930000	0.00201145	5.13402e-05	0.0292265	0.996263
935000	0.00200155	5.10874e-05	0.0290826	0.991357
940000	0.00197835	5.04953e-05	0.0287455	0.979867
945000	0.00197927	5.05187e-05	0.0287589	0.980321
950000	0.00196576	5.0174e-05	0.0285626	0.973632
955000	0.00200287	5.11211e-05	0.0291018	0.992011
960000	0.00194962	4.97619e-05	0.0283281	0.965637
965000	0.00199853	5.10103e-05	0.0290387	0.989861
970000	0.00202125	5.15902e-05	0.0293689	1.00112
975000	0.0019666	5.01955e-05	0.0285749	0.97405
980000	0.00197519	5.04147e-05	0.0286997	0.978304
985000	0.00195364	4.98647e-05	0.0283866	0.967631
990000	0.00198777	5.07358e-05	0.0288825	0.984534
995000	0.00195655	4.9939e-05	0.0284289	0.969073
