NSC	17.1458
RSC	1.21736
RLSC	14.263
Estimated fragment length	209
Background enrichment	0.0277435
Background uniformity	0.924218
Strand shift	Jaccard index	Proportion	per 10M reads for 100Mbp len	per control
-500	0.0170526	0.000435896	0.285442	10.2886
-499	0.0170807	0.000436612	0.285911	10.3055
-498	0.0170473	0.00043576	0.285353	10.2854
-497	0.0171175	0.000437553	0.286527	10.3277
-496	0.0170959	0.000437002	0.286167	10.3147
-495	0.01713	0.000437873	0.286737	10.3353
-494	0.0171192	0.000437598	0.286557	10.3288
-493	0.0171187	0.000437585	0.286548	10.3285
-492	0.0171037	0.000437202	0.286297	10.3194
-491	0.0171683	0.000438851	0.287378	10.3584
-490	0.0171563	0.000438546	0.287178	10.3512
-489	0.0171447	0.000438248	0.286983	10.3441
-488	0.0171823	0.000439209	0.287612	10.3668
-487	0.0171789	0.000439123	0.287555	10.3648
-486	0.0171849	0.000439277	0.287656	10.3684
-485	0.0172188	0.000440144	0.288224	10.3889
-484	0.0172393	0.000440667	0.288566	10.4012
-483	0.0172642	0.000441302	0.288982	10.4162
-482	0.0172191	0.00044015	0.288228	10.389
-481	0.0172603	0.000441203	0.288917	10.4139
-480	0.0173024	0.00044228	0.289623	10.4393
-479	0.0173137	0.00044257	0.289813	10.4462
-478	0.0172609	0.00044122	0.288929	10.4143
-477	0.0173333	0.000443071	0.29014	10.458
-476	0.017297	0.000442142	0.289533	10.4361
-475	0.0173283	0.000442942	0.290056	10.4549
-474	0.0173873	0.000444451	0.291044	10.4905
-473	0.017425	0.000445415	0.291675	10.5133
-472	0.0173485	0.000443458	0.290394	10.4671
-471	0.0174018	0.00044482	0.291286	10.4993
-470	0.0174361	0.000445696	0.29186	10.5199
-469	0.0174188	0.000445254	0.29157	10.5095
-468	0.0174437	0.000445893	0.291989	10.5246
-467	0.0174055	0.000444917	0.291349	10.5015
-466	0.0174433	0.000445883	0.291982	10.5243
-465	0.0174654	0.000446447	0.292351	10.5377
-464	0.0174363	0.000445702	0.291864	10.5201
-463	0.0175194	0.000447827	0.293255	10.5702
-462	0.0174517	0.000446097	0.292122	10.5294
-461	0.0175609	0.000448888	0.29395	10.5953
-460	0.017515	0.000447715	0.293182	10.5676
-459	0.0174939	0.000447176	0.292828	10.5549
-458	0.01754	0.000448353	0.2936	10.5827
-457	0.0175737	0.000449215	0.294164	10.603
-456	0.0175992	0.000449866	0.294591	10.6184
-455	0.0175946	0.000449749	0.294513	10.6156
-454	0.0175929	0.000449705	0.294485	10.6146
-453	0.017567	0.000449043	0.294051	10.5989
-452	0.0175863	0.000449537	0.294375	10.6106
-451	0.0176511	0.000451194	0.29546	10.6497
-450	0.0176246	0.000450516	0.295016	10.6337
-449	0.0176254	0.000450536	0.295029	10.6342
-448	0.0176675	0.000451612	0.295733	10.6596
-447	0.0176869	0.000452109	0.296059	10.6713
-446	0.0176615	0.000451459	0.295633	10.656
-445	0.0176632	0.000451503	0.295662	10.657
-444	0.0177487	0.000453688	0.297093	10.7086
-443	0.017715	0.000452827	0.296529	10.6883
-442	0.0176641	0.000451527	0.295678	10.6576
-441	0.0177156	0.000452843	0.29654	10.6886
-440	0.017754	0.000453825	0.297183	10.7118
-439	0.0178347	0.000455887	0.298533	10.7605
-438	0.0177792	0.000454468	0.297604	10.727
-437	0.0177706	0.000454249	0.29746	10.7218
-436	0.0177683	0.00045419	0.297422	10.7204
-435	0.0177338	0.000453306	0.296843	10.6996
-434	0.0178134	0.000455341	0.298176	10.7476
-433	0.0178622	0.000456588	0.298992	10.777
-432	0.0178206	0.000455527	0.298297	10.752
-431	0.0178503	0.000456285	0.298794	10.7699
-430	0.0178672	0.000456717	0.299076	10.7801
-429	0.0178693	0.00045677	0.299111	10.7813
-428	0.0179134	0.000457899	0.29985	10.808
-427	0.0178625	0.000456598	0.298999	10.7773
-426	0.0179409	0.000458601	0.30031	10.8245
-425	0.0179498	0.000458829	0.30046	10.8299
-424	0.0179291	0.0004583	0.300113	10.8174
-423	0.0179254	0.000458205	0.300051	10.8152
-422	0.0179882	0.000459811	0.301103	10.8531
-421	0.0179259	0.000458217	0.300059	10.8155
-420	0.0179704	0.000459355	0.300804	10.8423
-419	0.0180518	0.000461435	0.302166	10.8914
-418	0.0179889	0.000459829	0.301115	10.8535
-417	0.0179786	0.000459564	0.300941	10.8473
-416	0.018003	0.000460189	0.30135	10.862
-415	0.0180229	0.000460696	0.301682	10.874
-414	0.0180689	0.000461873	0.302453	10.9018
-413	0.0180251	0.000460752	0.301719	10.8753
-412	0.0180827	0.000462225	0.302684	10.9101
-411	0.0181012	0.000462699	0.302994	10.9213
-410	0.0180875	0.000462349	0.302764	10.913
-409	0.0181376	0.00046363	0.303603	10.9432
-408	0.0181058	0.000462815	0.30307	10.924
-407	0.0181319	0.000463484	0.303508	10.9398
-406	0.0180829	0.000462232	0.302688	10.9102
-405	0.0181219	0.000463227	0.30334	10.9337
-404	0.0181782	0.000464668	0.304283	10.9677
-403	0.01822	0.000465735	0.304982	10.9929
-402	0.018181	0.000464737	0.304329	10.9694
-401	0.0182258	0.000465883	0.305079	10.9964
-400	0.0182517	0.000466546	0.305513	11.0121
-399	0.0182037	0.000465319	0.304709	10.9831
-398	0.0182777	0.000467209	0.305947	11.0277
-397	0.0182148	0.000465602	0.304895	10.9898
-396	0.0182025	0.000465287	0.304689	10.9824
-395	0.0183158	0.000468184	0.306586	11.0507
-394	0.0182599	0.000466756	0.30565	11.017
-393	0.0182857	0.000467416	0.306082	11.0326
-392	0.0182737	0.000467108	0.305881	11.0253
-391	0.0183164	0.000468199	0.306596	11.0511
-390	0.0182887	0.000467491	0.306132	11.0344
-389	0.0182904	0.000467534	0.30616	11.0354
-388	0.0183495	0.000469047	0.307151	11.0711
-387	0.0183286	0.000468512	0.3068	11.0585
-386	0.018315	0.000468164	0.306573	11.0503
-385	0.0184201	0.000470851	0.308332	11.1137
-384	0.0183686	0.000469533	0.307469	11.0826
-383	0.0183767	0.00046974	0.307605	11.0875
-382	0.018431	0.000471129	0.308514	11.1202
-381	0.0183849	0.00046995	0.307742	11.0924
-380	0.0183921	0.000470135	0.307863	11.0968
-379	0.0184098	0.000470588	0.30816	11.1075
-378	0.0184315	0.000471142	0.308523	11.1205
-377	0.0184552	0.000471747	0.308919	11.1348
-376	0.0184155	0.000470734	0.308255	11.1109
-375	0.0184733	0.00047221	0.309222	11.1458
-374	0.0185078	0.000473093	0.3098	11.1666
-373	0.0184984	0.000472852	0.309642	11.1609
-372	0.0185392	0.000473896	0.310326	11.1855
-371	0.0185132	0.000473231	0.30989	11.1699
-370	0.0185148	0.00047327	0.309916	11.1708
-369	0.0185474	0.000474105	0.310463	11.1905
-368	0.0185088	0.000473118	0.309816	11.1672
-367	0.0185755	0.000474824	0.310933	11.2074
-366	0.0186041	0.000475554	0.311412	11.2247
-365	0.0185629	0.0004745	0.310722	11.1998
-364	0.0186104	0.000475716	0.311518	11.2285
-363	0.0186625	0.000477048	0.31239	11.2599
-362	0.0186092	0.000475683	0.311496	11.2277
-361	0.0186274	0.000476149	0.311801	11.2387
-360	0.0186158	0.000475853	0.311607	11.2317
-359	0.0186281	0.000476167	0.311813	11.2391
-358	0.018628	0.000476166	0.311812	11.2391
-357	0.0186609	0.000477006	0.312362	11.259
-356	0.018683	0.000477571	0.312732	11.2723
-355	0.0186925	0.000477814	0.312892	11.278
-354	0.0186841	0.000477599	0.312751	11.273
-353	0.0187138	0.000478358	0.313248	11.2909
-352	0.0186759	0.000477389	0.312614	11.268
-351	0.0187638	0.000479636	0.314085	11.321
-350	0.0187519	0.000479333	0.313886	11.3139
-349	0.0187229	0.00047859	0.3134	11.2964
-348	0.0187623	0.000479596	0.314059	11.3201
-347	0.0187414	0.000479062	0.313709	11.3075
-346	0.0187549	0.000479408	0.313936	11.3157
-345	0.018769	0.00047977	0.314173	11.3242
-344	0.0187754	0.000479933	0.314279	11.328
-343	0.0187749	0.00047992	0.314271	11.3277
-342	0.0188279	0.000481275	0.315158	11.3597
-341	0.018827	0.000481251	0.315143	11.3592
-340	0.0188033	0.000480646	0.314746	11.3449
-339	0.0188325	0.000481392	0.315235	11.3625
-338	0.0188541	0.000481943	0.315596	11.3755
-337	0.0188153	0.000480953	0.314948	11.3521
-336	0.0188612	0.000482126	0.315716	11.3798
-335	0.0188637	0.00048219	0.315757	11.3813
-334	0.0188966	0.000483031	0.316308	11.4012
-333	0.0188816	0.000482648	0.316057	11.3921
-332	0.0188893	0.000482843	0.316185	11.3967
-331	0.0189104	0.000483382	0.316538	11.4095
-330	0.0189125	0.000483438	0.316574	11.4108
-329	0.0189082	0.000483327	0.316502	11.4082
-328	0.0189514	0.00048443	0.317224	11.4342
-327	0.0189242	0.000483735	0.316769	11.4178
-326	0.0189634	0.000484739	0.317426	11.4415
-325	0.0189808	0.000485182	0.317717	11.4519
-324	0.0189615	0.000484688	0.317393	11.4403
-323	0.0189583	0.000484607	0.31734	11.4384
-322	0.019045	0.000486824	0.318792	11.4907
-321	0.018976	0.00048506	0.317637	11.4491
-320	0.0190877	0.000487915	0.319506	11.5164
-319	0.0190636	0.000487299	0.319103	11.5019
-318	0.0190325	0.000486504	0.318583	11.4832
-317	0.0190623	0.000487267	0.319082	11.5012
-316	0.0190474	0.000486884	0.318831	11.4921
-315	0.0190952	0.000488106	0.319632	11.521
-314	0.0190822	0.000487774	0.319414	11.5131
-313	0.0190737	0.000487557	0.319272	11.508
-312	0.0190354	0.00048658	0.318632	11.4849
-311	0.0191374	0.000489186	0.320339	11.5465
-310	0.0190754	0.000487602	0.319301	11.5091
-309	0.0191791	0.000490251	0.321036	11.5716
-308	0.0191678	0.000489962	0.320847	11.5648
-307	0.0191275	0.000488932	0.320173	11.5405
-306	0.0191353	0.000489132	0.320303	11.5452
-305	0.0191505	0.000489522	0.320559	11.5544
-304	0.0192063	0.000490947	0.321492	11.588
-303	0.0191384	0.000489211	0.320355	11.547
-302	0.0191251	0.00048887	0.320132	11.539
-301	0.019227	0.000491476	0.321838	11.6005
-300	0.0191934	0.000490617	0.321275	11.5802
-299	0.0191358	0.000489145	0.320312	11.5455
-298	0.0191839	0.000490374	0.321117	11.5745
-297	0.0192014	0.000490822	0.32141	11.5851
-296	0.0192299	0.000491551	0.321887	11.6023
-295	0.01921	0.000491041	0.321553	11.5902
-294	0.0192089	0.000491013	0.321535	11.5896
-293	0.0192245	0.000491412	0.321796	11.599
-292	0.0193101	0.000493601	0.323229	11.6506
-291	0.0192763	0.000492736	0.322663	11.6302
-290	0.0192638	0.000492416	0.322454	11.6227
-289	0.0193421	0.000494418	0.323765	11.6699
-288	0.0192467	0.000491981	0.322169	11.6124
-287	0.0193022	0.000493398	0.323097	11.6459
-286	0.0192912	0.000493117	0.322913	11.6392
-285	0.0193367	0.000494281	0.323675	11.6667
-284	0.0193581	0.000494828	0.324033	11.6796
-283	0.0193473	0.000494551	0.323852	11.6731
-282	0.0193807	0.000495405	0.324411	11.6932
-281	0.0193597	0.000494869	0.32406	11.6806
-280	0.0193319	0.000494156	0.323593	11.6638
-279	0.0193015	0.000493379	0.323085	11.6454
-278	0.0193431	0.000494444	0.323782	11.6706
-277	0.0193819	0.000495436	0.324431	11.694
-276	0.0194348	0.000496788	0.325317	11.7259
-275	0.0193549	0.000494746	0.32398	11.6777
-274	0.0193935	0.000495731	0.324625	11.7009
-273	0.0193856	0.000495531	0.324493	11.6962
-272	0.0193896	0.000495633	0.324561	11.6986
-271	0.0193773	0.000495318	0.324354	11.6912
-270	0.0194294	0.000496649	0.325226	11.7226
-269	0.0194337	0.00049676	0.325298	11.7252
-268	0.0195006	0.000498471	0.326419	11.7656
-267	0.0194434	0.000497008	0.325461	11.7311
-266	0.0194518	0.000497221	0.325601	11.7361
-265	0.0194845	0.000498059	0.326149	11.7559
-264	0.0194779	0.00049789	0.326038	11.7519
-263	0.0194711	0.000497716	0.325925	11.7478
-262	0.0194724	0.000497748	0.325946	11.7486
-261	0.0195119	0.000498759	0.326607	11.7724
-260	0.0195177	0.000498908	0.326705	11.7759
-259	0.0194957	0.000498344	0.326336	11.7626
-258	0.0195171	0.000498891	0.326694	11.7755
-257	0.0194885	0.00049816	0.326215	11.7583
-256	0.0194722	0.000497745	0.325943	11.7485
-255	0.0195263	0.000499128	0.326849	11.7811
-254	0.0195012	0.000498485	0.326428	11.7659
-253	0.0195434	0.000499564	0.327134	11.7914
-252	0.0196029	0.000501085	0.32813	11.8273
-251	0.0195411	0.000499506	0.327096	11.79
-250	0.0196201	0.000501525	0.328418	11.8377
-249	0.0196088	0.000501235	0.328229	11.8309
-248	0.0196099	0.000501263	0.328247	11.8315
-247	0.0196718	0.000502845	0.329283	11.8689
-246	0.0196126	0.000501332	0.328292	11.8331
-245	0.0196401	0.000502037	0.328754	11.8498
-244	0.0195997	0.000501003	0.328077	11.8254
-243	0.0196605	0.000502556	0.329094	11.862
-242	0.0196221	0.000501574	0.328451	11.8389
-241	0.0196251	0.000501652	0.328502	11.8407
-240	0.0197197	0.000504072	0.330086	11.8978
-239	0.0196626	0.000502611	0.32913	11.8633
-238	0.0196752	0.000502934	0.329341	11.8709
-237	0.0197137	0.000503917	0.329985	11.8941
-236	0.0196534	0.000502375	0.328975	11.8577
-235	0.0197343	0.000504442	0.330329	11.9066
-234	0.019709	0.000503798	0.329907	11.8913
-233	0.0197041	0.000503673	0.329825	11.8884
-232	0.0197398	0.000504584	0.330422	11.9099
-231	0.0197365	0.000504501	0.330367	11.9079
-230	0.0198047	0.000506242	0.331508	11.949
-229	0.0197629	0.000505175	0.330809	11.9238
-228	0.0198046	0.000506242	0.331508	11.949
-227	0.019783	0.00050569	0.331146	11.936
-226	0.0198493	0.000507384	0.332256	11.976
-225	0.0197711	0.000505385	0.330946	11.9288
-224	0.019812	0.000506429	0.33163	11.9534
-223	0.0198351	0.00050702	0.332017	11.9674
-222	0.019793	0.000505944	0.331312	11.942
-221	0.0198276	0.00050683	0.331892	11.9629
-220	0.0197757	0.000505501	0.331023	11.9315
-219	0.019812	0.000506429	0.33163	11.9534
-218	0.0198907	0.000508442	0.332948	12.001
-217	0.019932	0.000509497	0.333639	12.0259
-216	0.0198742	0.00050802	0.332672	11.991
-215	0.0199515	0.000509996	0.333966	12.0376
-214	0.0199393	0.000509685	0.333762	12.0303
-213	0.0198675	0.000507849	0.33256	11.9869
-212	0.0199096	0.000508926	0.333265	12.0124
-211	0.0198918	0.000508471	0.332967	12.0016
-210	0.0199184	0.000509148	0.333411	12.0176
-209	0.019904	0.000508782	0.333171	12.009
-208	0.0199234	0.000509278	0.333495	12.0207
-207	0.0199228	0.000509263	0.333486	12.0203
-206	0.0199917	0.000511025	0.334639	12.0619
-205	0.0199365	0.000509613	0.333715	12.0286
-204	0.0200199	0.000511744	0.33511	12.0789
-203	0.0199935	0.000511069	0.334668	12.063
-202	0.0200219	0.000511796	0.335145	12.0801
-201	0.019966	0.000510367	0.334209	12.0464
-200	0.020068	0.000512973	0.335915	12.1079
-199	0.0200506	0.000512529	0.335624	12.0974
-198	0.0200319	0.000512051	0.335311	12.0861
-197	0.0200587	0.000512735	0.335759	12.1023
-196	0.0200254	0.000511885	0.335203	12.0822
-195	0.0200728	0.000513096	0.335996	12.1108
-194	0.0200652	0.000512901	0.335868	12.1062
-193	0.0201592	0.000515304	0.337442	12.1629
-192	0.0201616	0.000515367	0.337483	12.1644
-191	0.020085	0.000513409	0.336201	12.1182
-190	0.0201232	0.000514385	0.33684	12.1412
-189	0.0200992	0.000513772	0.336438	12.1267
-188	0.0201304	0.000514568	0.33696	12.1456
-187	0.0201338	0.000514654	0.337016	12.1476
-186	0.020125	0.000514429	0.336869	12.1423
-185	0.0200647	0.000512889	0.33586	12.1059
-184	0.0201963	0.000516253	0.338063	12.1853
-183	0.0201733	0.000515664	0.337678	12.1714
-182	0.0202447	0.000517491	0.338874	12.2145
-181	0.0202242	0.000516966	0.33853	12.2022
-180	0.0201413	0.000514847	0.337142	12.1521
-179	0.0201609	0.000515348	0.337471	12.164
-178	0.0202102	0.000516609	0.338296	12.1937
-177	0.0202708	0.000518158	0.339311	12.2303
-176	0.020183	0.000515912	0.33784	12.1773
-175	0.0202129	0.000516677	0.338341	12.1953
-174	0.0202128	0.000516674	0.338339	12.1953
-173	0.0202285	0.000517076	0.338602	12.2048
-172	0.0202775	0.000518329	0.339423	12.2343
-171	0.0202138	0.000516702	0.338357	12.1959
-170	0.0203029	0.000518978	0.339848	12.2496
-169	0.0203156	0.000519302	0.34006	12.2573
-168	0.0202846	0.000518511	0.339542	12.2386
-167	0.0203132	0.000519241	0.34002	12.2558
-166	0.0202839	0.000518492	0.339529	12.2382
-165	0.0203033	0.000518987	0.339854	12.2499
-164	0.0203183	0.000519373	0.340106	12.259
-163	0.0203339	0.00051977	0.340366	12.2683
-162	0.0203963	0.000521365	0.341411	12.306
-161	0.0204018	0.000521506	0.341503	12.3093
-160	0.0203071	0.000519086	0.339918	12.2522
-159	0.0204224	0.000522034	0.341849	12.3218
-158	0.0203854	0.000521088	0.341229	12.2994
-157	0.0203999	0.000521459	0.341472	12.3082
-156	0.0204185	0.000521932	0.341782	12.3194
-155	0.0204648	0.000523118	0.342558	12.3474
-154	0.0204101	0.000521718	0.341642	12.3143
-153	0.0203932	0.000521286	0.341359	12.3041
-152	0.0204191	0.000521949	0.341793	12.3198
-151	0.0204729	0.000523323	0.342693	12.3522
-150	0.0204763	0.00052341	0.34275	12.3543
-149	0.0204159	0.000521866	0.341739	12.3178
-148	0.0204625	0.000523057	0.342519	12.3459
-147	0.020496	0.000523913	0.343079	12.3661
-146	0.020495	0.00052389	0.343064	12.3656
-145	0.0205009	0.000524039	0.343162	12.3691
-144	0.0205247	0.000524647	0.34356	12.3834
-143	0.0205433	0.000525124	0.343873	12.3947
-142	0.0205203	0.000524536	0.343487	12.3808
-141	0.0204842	0.000523613	0.342883	12.3591
-140	0.0204995	0.000524003	0.343138	12.3682
-139	0.020569	0.000525781	0.344303	12.4102
-138	0.0204727	0.000523318	0.342689	12.3521
-137	0.0205561	0.000525451	0.344086	12.4024
-136	0.0205078	0.000524215	0.343277	12.3732
-135	0.0205885	0.000526277	0.344628	12.4219
-134	0.0205087	0.00052424	0.343293	12.3738
-133	0.020602	0.000526622	0.344853	12.4301
-132	0.0206062	0.000526732	0.344925	12.4327
-131	0.0206143	0.000526938	0.34506	12.4375
-130	0.0205654	0.000525687	0.344241	12.408
-129	0.0205905	0.00052633	0.344662	12.4232
-128	0.0206849	0.000528744	0.346243	12.4801
-127	0.0206471	0.000527776	0.345609	12.4573
-126	0.0206363	0.0005275	0.345428	12.4508
-125	0.0206479	0.000527796	0.345622	12.4578
-124	0.0206712	0.000528392	0.346012	12.4718
-123	0.0206604	0.000528116	0.345831	12.4653
-122	0.0206773	0.00052855	0.346115	12.4756
-121	0.0206502	0.000527856	0.345661	12.4592
-120	0.0206585	0.000528067	0.345799	12.4642
-119	0.0206742	0.00052847	0.346063	12.4737
-118	0.0207155	0.000529524	0.346753	12.4986
-117	0.0207321	0.000529948	0.347031	12.5086
-116	0.020682	0.000528668	0.346193	12.4784
-115	0.0207193	0.000529622	0.346818	12.5009
-114	0.0207213	0.000529674	0.346852	12.5021
-113	0.0207227	0.000529709	0.346875	12.5029
-112	0.0207238	0.000529738	0.346894	12.5036
-111	0.0207393	0.000530132	0.347152	12.5129
-110	0.0207321	0.00052995	0.347033	12.5086
-109	0.0207575	0.000530599	0.347457	12.5239
-108	0.0208092	0.000531919	0.348322	12.5551
-107	0.0208334	0.000532538	0.348727	12.5697
-106	0.0208202	0.000532201	0.348507	12.5618
-105	0.0207505	0.000530419	0.34734	12.5197
-104	0.0208422	0.000532763	0.348875	12.575
-103	0.0208726	0.00053354	0.349383	12.5933
-102	0.0208983	0.000534197	0.349814	12.6089
-101	0.0207444	0.000530265	0.347239	12.516
-100	0.0208241	0.0005323	0.348572	12.5641
-99	0.0208087	0.000531907	0.348314	12.5548
-98	0.0208822	0.000533787	0.349545	12.5992
-97	0.0208548	0.000533086	0.349086	12.5826
-96	0.0208622	0.000533275	0.34921	12.5871
-95	0.0209342	0.000535115	0.350415	12.6305
-94	0.0209188	0.000534722	0.350157	12.6212
-93	0.0209195	0.000534739	0.350168	12.6217
-92	0.0209291	0.000534984	0.350329	12.6274
-91	0.0209035	0.000534329	0.3499	12.612
-90	0.020953	0.000535596	0.35073	12.6419
-89	0.0209676	0.000535968	0.350974	12.6507
-88	0.0209935	0.000536631	0.351408	12.6663
-87	0.0209942	0.00053665	0.35142	12.6668
-86	0.0210192	0.000537288	0.351838	12.6818
-85	0.0209994	0.000536783	0.351507	12.6699
-84	0.0209591	0.000535752	0.350832	12.6456
-83	0.0210411	0.000537848	0.352205	12.695
-82	0.0210135	0.000537142	0.351742	12.6784
-81	0.0210448	0.000537941	0.352266	12.6972
-80	0.0209743	0.000536139	0.351086	12.6547
-79	0.0210325	0.000537628	0.35206	12.6898
-78	0.0210766	0.000538755	0.352798	12.7164
-77	0.0210442	0.000537926	0.352255	12.6969
-76	0.0211282	0.000540074	0.353662	12.7476
-75	0.0211158	0.000539757	0.353454	12.7401
-74	0.0210729	0.00053866	0.352736	12.7142
-73	0.0211506	0.000540648	0.354038	12.7611
-72	0.0211117	0.000539652	0.353386	12.7376
-71	0.0211629	0.000540961	0.354243	12.7685
-70	0.021186	0.000541552	0.35463	12.7825
-69	0.0211581	0.000540839	0.354163	12.7656
-68	0.0212113	0.0005422	0.355054	12.7977
-67	0.0211742	0.00054125	0.354432	12.7753
-66	0.0212178	0.000542366	0.355163	12.8017
-65	0.0211791	0.000541376	0.354515	12.7783
-64	0.0212191	0.000542399	0.355184	12.8024
-63	0.0212523	0.000543247	0.35574	12.8225
-62	0.0212633	0.000543527	0.355923	12.8291
-61	0.0212849	0.000544081	0.356286	12.8422
-60	0.02133	0.000545233	0.357041	12.8694
-59	0.0213153	0.000544856	0.356794	12.8605
-58	0.0213075	0.000544657	0.356664	12.8558
-57	0.0213446	0.000545607	0.357285	12.8782
-56	0.0213497	0.000545736	0.35737	12.8812
-55	0.0214049	0.000547147	0.358294	12.9145
-54	0.0213829	0.000546584	0.357925	12.9012
-53	0.0213932	0.000546849	0.358099	12.9075
-52	0.0214132	0.00054736	0.358434	12.9196
-51	0.0214541	0.000548405	0.359118	12.9442
-50	0.0214275	0.000547724	0.358672	12.9281
-49	0.0214687	0.000548778	0.359362	12.953
-48	0.0215315	0.000550384	0.360413	12.9909
-47	0.0214445	0.000548159	0.358956	12.9384
-46	0.0215254	0.000550228	0.360312	12.9873
-45	0.0214936	0.000549413	0.359778	12.968
-44	0.0215423	0.00055066	0.360594	12.9974
-43	0.0215399	0.000550598	0.360554	12.996
-42	0.0215429	0.000550676	0.360605	12.9978
-41	0.0215877	0.00055182	0.361354	13.0248
-40	0.0216049	0.00055226	0.361642	13.0352
-39	0.0216482	0.000553365	0.362366	13.0613
-38	0.0216199	0.000552643	0.361893	13.0443
-37	0.0215934	0.000551966	0.36145	13.0283
-36	0.0216535	0.000553502	0.362455	13.0645
-35	0.0216704	0.000553934	0.362738	13.0747
-34	0.0216928	0.000554505	0.363112	13.0882
-33	0.0217601	0.000556226	0.364239	13.1288
-32	0.0217042	0.000554798	0.363304	13.0951
-31	0.0217868	0.00055691	0.364687	13.145
-30	0.0217454	0.000555852	0.363994	13.12
-29	0.0218837	0.000559386	0.366308	13.2034
-28	0.0217932	0.000557074	0.364794	13.1488
-27	0.0218646	0.000558897	0.365988	13.1919
-26	0.0218817	0.000559336	0.366275	13.2022
-25	0.0218963	0.000559709	0.36652	13.211
-24	0.0219254	0.000560452	0.367006	13.2286
-23	0.0219189	0.000560286	0.366898	13.2247
-22	0.0219824	0.000561909	0.367961	13.263
-21	0.0220057	0.000562505	0.368351	13.277
-20	0.0220189	0.000562843	0.368572	13.285
-19	0.0220821	0.000564457	0.369629	13.3231
-18	0.0220694	0.000564133	0.369417	13.3154
-17	0.0221416	0.000565977	0.370625	13.359
-16	0.0220825	0.000564467	0.369636	13.3233
-15	0.0221809	0.000566983	0.371283	13.3827
-14	0.0221531	0.000566272	0.370817	13.3659
-13	0.0222098	0.000567722	0.371767	13.4002
-12	0.0221893	0.000567198	0.371424	13.3878
-11	0.0222158	0.000567875	0.371867	13.4038
-10	0.0221864	0.000567125	0.371376	13.3861
-9	0.0222704	0.000569271	0.372781	13.4367
-8	0.0222372	0.000568423	0.372226	13.4167
-7	0.0222218	0.000568028	0.371967	13.4074
-6	0.0221966	0.000567386	0.371547	13.3922
-5	0.0222724	0.000569321	0.372814	13.4379
-4	0.0223012	0.000570058	0.373297	13.4553
-3	0.022378	0.000572022	0.374583	13.5017
-2	0.0225494	0.000576403	0.377452	13.6051
-1	0.0226268	0.000578381	0.378747	13.6518
0	0.0216099	0.000552387	0.361725	13.0382
1	0.0223943	0.000572437	0.374855	13.5115
2	0.0224951	0.000575014	0.376542	13.5723
3	0.0223388	0.000571018	0.373926	13.478
4	0.022703	0.000580328	0.380022	13.6977
5	0.0224827	0.000574699	0.376336	13.5648
6	0.0227772	0.000582225	0.381264	13.7425
7	0.0224614	0.000574152	0.375978	13.5519
8	0.0226384	0.000578677	0.378941	13.6587
9	0.0227053	0.000580388	0.380062	13.6991
10	0.0226001	0.000577699	0.378301	13.6357
11	0.022774	0.000582144	0.381211	13.7406
12	0.0226385	0.000578679	0.378942	13.6588
13	0.0226691	0.000579464	0.379456	13.6773
14	0.0227716	0.000582084	0.381172	13.7391
15	0.0227183	0.000580719	0.380278	13.7069
16	0.0228245	0.000583434	0.382056	13.771
17	0.0228704	0.000584608	0.382825	13.7987
18	0.0229113	0.000585655	0.38351	13.8234
19	0.0229417	0.000586431	0.384018	13.8418
20	0.0229073	0.00058555	0.383442	13.821
21	0.0229148	0.000585744	0.383569	13.8255
22	0.0230619	0.000589504	0.386031	13.9143
23	0.0230532	0.000589281	0.385885	13.909
24	0.0230816	0.000590006	0.386359	13.9261
25	0.0231523	0.000591815	0.387544	13.9688
26	0.0232422	0.000594112	0.389048	14.0231
27	0.0233188	0.00059607	0.390331	14.0693
28	0.0233706	0.000597394	0.391198	14.1005
29	0.0234031	0.000598226	0.391742	14.1202
30	0.0234564	0.000599586	0.392633	14.1523
31	0.0234627	0.000599748	0.392739	14.1561
32	0.0235698	0.000602486	0.394532	14.2207
33	0.0236265	0.000603934	0.39548	14.2549
34	0.0237	0.000605814	0.396711	14.2993
35	0.0236534	0.000604623	0.395931	14.2712
36	0.0236399	0.000604279	0.395706	14.263
37	0.0236062	0.000603416	0.395141	14.2427
38	0.0236017	0.000603302	0.395066	14.24
39	0.0236194	0.000603755	0.395363	14.2507
40	0.0235694	0.000602475	0.394525	14.2204
41	0.0235474	0.000601913	0.394157	14.2072
42	0.0235686	0.000602456	0.394512	14.22
43	0.0236008	0.000603278	0.39505	14.2394
44	0.0234366	0.000599081	0.392302	14.1403
45	0.0235696	0.000602481	0.394529	14.2206
46	0.0236166	0.000603682	0.395315	14.2489
47	0.0235574	0.000602168	0.394324	14.2132
48	0.0235	0.000600701	0.393363	14.1786
49	0.0236118	0.000603561	0.395236	14.2461
50	0.0235255	0.000601353	0.39379	14.194
51	0.0235856	0.000602889	0.394796	14.2302
52	0.0236095	0.000603499	0.395196	14.2446
53	0.0235167	0.00060113	0.393644	14.1887
54	0.0234929	0.000600521	0.393245	14.1743
55	0.0235228	0.000601284	0.393745	14.1924
56	0.0235782	0.000602702	0.394673	14.2258
57	0.0236232	0.000603852	0.395426	14.2529
58	0.0236277	0.000603967	0.395502	14.2557
59	0.0236643	0.000604901	0.396113	14.2777
60	0.0236333	0.000604109	0.395594	14.259
61	0.0236516	0.000604578	0.395902	14.2701
62	0.0236627	0.000604861	0.396087	14.2768
63	0.0236635	0.000604882	0.396101	14.2773
64	0.0237308	0.000606601	0.397226	14.3178
65	0.0237427	0.000606906	0.397426	14.325
66	0.0237757	0.000607749	0.397978	14.3449
67	0.0238199	0.00060888	0.398719	14.3716
68	0.0237654	0.000607486	0.397807	14.3387
69	0.0238304	0.000609147	0.398894	14.3779
70	0.0238382	0.000609346	0.399024	14.3826
71	0.0238878	0.000610614	0.399854	14.4126
72	0.0239433	0.000612033	0.400783	14.446
73	0.0238863	0.000610575	0.399829	14.4117
74	0.0239694	0.000612701	0.401221	14.4618
75	0.024015	0.000613866	0.401984	14.4893
76	0.0240428	0.000614576	0.402449	14.5061
77	0.0240287	0.000614216	0.402213	14.4976
78	0.0240966	0.000615951	0.403349	14.5385
79	0.0241515	0.000617355	0.404269	14.5717
80	0.0241341	0.000616911	0.403978	14.5612
81	0.0242457	0.000619763	0.405846	14.6285
82	0.0242325	0.000619425	0.405625	14.6205
83	0.0242653	0.000620264	0.406174	14.6403
84	0.0243045	0.000621265	0.406829	14.664
85	0.0243069	0.000621328	0.40687	14.6654
86	0.0244174	0.000624153	0.40872	14.7321
87	0.0244076	0.000623902	0.408556	14.7262
88	0.0244485	0.000624948	0.409241	14.7509
89	0.0245251	0.000626904	0.410522	14.7971
90	0.0245782	0.000628263	0.411412	14.8291
91	0.0245698	0.000628047	0.41127	14.824
92	0.0245763	0.000628214	0.411379	14.828
93	0.0245838	0.000628406	0.411505	14.8325
94	0.0246599	0.00063035	0.412779	14.8784
95	0.02469	0.000631121	0.413283	14.8966
96	0.024709	0.000631606	0.413601	14.9081
97	0.0247805	0.000633434	0.414798	14.9512
98	0.0247331	0.000632222	0.414004	14.9226
99	0.0248873	0.000636163	0.416585	15.0156
100	0.0248841	0.000636081	0.416531	15.0137
101	0.0250119	0.000639348	0.418671	15.0908
102	0.0249461	0.000637667	0.41757	15.0511
103	0.0249934	0.000638876	0.418362	15.0796
104	0.0249916	0.000638829	0.418331	15.0785
105	0.025108	0.000641804	0.420279	15.1488
106	0.0251052	0.000641735	0.420234	15.1471
107	0.0251715	0.000643427	0.421342	15.1871
108	0.0252093	0.000644393	0.421975	15.2099
109	0.0252554	0.000645573	0.422747	15.2377
110	0.0252104	0.000644423	0.421994	15.2106
111	0.0252036	0.000644248	0.42188	15.2064
112	0.0253138	0.000647067	0.423725	15.273
113	0.025316	0.000647121	0.423761	15.2742
114	0.0253407	0.000647754	0.424175	15.2892
115	0.0254339	0.000650136	0.425735	15.3454
116	0.0254292	0.000650017	0.425657	15.3426
117	0.025456	0.0006507	0.426104	15.3587
118	0.0255512	0.000653134	0.427698	15.4162
119	0.025594	0.000654227	0.428414	15.442
120	0.0256122	0.000654693	0.42872	15.453
121	0.0256473	0.000655591	0.429307	15.4742
122	0.0256965	0.000656849	0.430131	15.5039
123	0.0257611	0.000658501	0.431213	15.5428
124	0.0257774	0.000658916	0.431485	15.5527
125	0.0258058	0.000659641	0.43196	15.5698
126	0.0258317	0.000660303	0.432393	15.5854
127	0.0258949	0.000661921	0.433452	15.6236
128	0.0258811	0.000661566	0.43322	15.6152
129	0.0259256	0.000662704	0.433965	15.6421
130	0.026023	0.000665195	0.435596	15.7009
131	0.0260774	0.000666584	0.436506	15.7337
132	0.0261374	0.000668119	0.437511	15.7699
133	0.0261025	0.000667226	0.436927	15.7488
134	0.0261199	0.000667671	0.437218	15.7593
135	0.0262083	0.000669931	0.438698	15.8127
136	0.0262338	0.000670582	0.439124	15.828
137	0.0262699	0.000671504	0.439728	15.8498
138	0.026265	0.00067138	0.439647	15.8469
139	0.0263443	0.000673407	0.440974	15.8947
140	0.0264013	0.000674864	0.441928	15.9291
141	0.0265044	0.000677498	0.443653	15.9913
142	0.026431	0.000675624	0.442425	15.947
143	0.0265033	0.000677472	0.443636	15.9906
144	0.0264888	0.0006771	0.443392	15.9819
145	0.0266018	0.00067999	0.445285	16.0501
146	0.0266183	0.000680411	0.44556	16.06
147	0.0266791	0.000681965	0.446578	16.0967
148	0.0267343	0.000683377	0.447503	16.13
149	0.0267308	0.000683288	0.447444	16.1279
150	0.0267726	0.000684355	0.448143	16.1531
151	0.0268117	0.000685354	0.448797	16.1767
152	0.0268359	0.000685974	0.449203	16.1913
153	0.0268044	0.000685168	0.448676	16.1723
154	0.0268751	0.000686975	0.449859	16.2149
155	0.0269547	0.00068901	0.451192	16.263
156	0.0270268	0.000690853	0.452398	16.3065
157	0.0270217	0.000690722	0.452312	16.3034
158	0.027093	0.000692546	0.453507	16.3464
159	0.0270699	0.000691955	0.45312	16.3325
160	0.0271223	0.000693294	0.453996	16.3641
161	0.0271292	0.000693471	0.454112	16.3683
162	0.0272301	0.00069605	0.455801	16.4291
163	0.0272955	0.000697721	0.456896	16.4686
164	0.0272924	0.000697642	0.456844	16.4667
165	0.0272857	0.000697471	0.456732	16.4627
166	0.0273752	0.000699758	0.45823	16.5167
167	0.0273485	0.000699075	0.457782	16.5005
168	0.0273893	0.000700119	0.458466	16.5252
169	0.0274053	0.000700528	0.458734	16.5348
170	0.0275101	0.000703207	0.460488	16.5981
171	0.0275386	0.000703935	0.460965	16.6152
172	0.0275794	0.000704978	0.461648	16.6399
173	0.0275134	0.00070329	0.460543	16.6
174	0.0275812	0.000705024	0.461678	16.641
175	0.0276426	0.000706594	0.462706	16.678
176	0.0277203	0.00070858	0.464007	16.7249
177	0.0277096	0.000708306	0.463827	16.7184
178	0.027781	0.000710131	0.465022	16.7615
179	0.027852	0.000711946	0.466211	16.8043
180	0.0279575	0.000714645	0.467978	16.868
181	0.0277891	0.00071034	0.465159	16.7664
182	0.0278931	0.000712996	0.466898	16.8291
183	0.0279689	0.000714935	0.468168	16.8749
184	0.0280084	0.000715945	0.46883	16.8987
185	0.0279767	0.000715133	0.468298	16.8796
186	0.0280088	0.000715954	0.468836	16.899
187	0.0281101	0.000718543	0.470531	16.9601
188	0.02808	0.000717776	0.470028	16.9419
189	0.0281135	0.000718632	0.470589	16.9621
190	0.0281425	0.000719372	0.471074	16.9796
191	0.0281358	0.000719201	0.470961	16.9756
192	0.0281247	0.000718918	0.470776	16.9689
193	0.0281907	0.000720603	0.47188	17.0087
194	0.0282374	0.000721799	0.472663	17.0369
195	0.0282633	0.00072246	0.473096	17.0525
196	0.0282233	0.000721438	0.472427	17.0284
197	0.0283068	0.000723573	0.473824	17.0788
198	0.0282458	0.000722014	0.472804	17.042
199	0.0282835	0.000722977	0.473435	17.0647
200	0.0282264	0.000721518	0.472479	17.0303
201	0.0283425	0.000724486	0.474422	17.1003
202	0.0283041	0.000723503	0.473779	17.0771
203	0.0283517	0.000724721	0.474576	17.1059
204	0.0283302	0.00072417	0.474215	17.0929
205	0.0282912	0.000723173	0.473563	17.0693
206	0.0283725	0.000725252	0.474924	17.1184
207	0.0283512	0.000724708	0.474568	17.1056
208	0.0283762	0.000725345	0.474985	17.1206
209	0.028418	0.000726414	0.475685	17.1458
210	0.0283469	0.000724597	0.474495	17.1029
211	0.0283518	0.000724723	0.474577	17.1059
212	0.0283966	0.000725867	0.475327	17.1329
213	0.0283443	0.000724531	0.474452	17.1014
214	0.0283786	0.000725408	0.475026	17.1221
215	0.0283478	0.00072462	0.47451	17.1035
216	0.0283568	0.000724849	0.47466	17.1089
217	0.0283993	0.000725935	0.475372	17.1345
218	0.0283672	0.000725115	0.474834	17.1152
219	0.0282663	0.000722538	0.473147	17.0543
220	0.0283273	0.000724095	0.474167	17.0911
221	0.028337	0.000724344	0.47433	17.097
222	0.0283459	0.000724571	0.474478	17.1023
223	0.0282991	0.000723374	0.473694	17.0741
224	0.0283552	0.000724808	0.474634	17.1079
225	0.0282737	0.000722725	0.473269	17.0588
226	0.028327	0.000724089	0.474162	17.091
227	0.0282541	0.000722226	0.472942	17.047
228	0.028311	0.000723679	0.473894	17.0813
229	0.028328	0.000724114	0.474179	17.0915
230	0.0282731	0.000722711	0.47326	17.0584
231	0.0282101	0.0007211	0.472205	17.0204
232	0.0282395	0.000721851	0.472697	17.0381
233	0.0282084	0.000721057	0.472177	17.0194
234	0.028194	0.000720689	0.471936	17.0107
235	0.0282339	0.000721708	0.472603	17.0348
236	0.0281765	0.00072024	0.471642	17.0001
237	0.0281669	0.000719997	0.471483	16.9944
238	0.0282752	0.000722765	0.473295	17.0597
239	0.0281	0.000718285	0.470362	16.954
240	0.0281254	0.000718935	0.470787	16.9693
241	0.0282011	0.00072087	0.472054	17.015
242	0.0281277	0.000718994	0.470826	16.9707
243	0.0281111	0.000718568	0.470547	16.9606
244	0.0280975	0.000718222	0.470321	16.9525
245	0.0280781	0.000717726	0.469996	16.9408
246	0.028037	0.000716675	0.469308	16.916
247	0.0280733	0.000717603	0.469915	16.9379
248	0.0280017	0.000715774	0.468718	16.8947
249	0.0280377	0.000716693	0.469319	16.9164
250	0.0279423	0.000714255	0.467723	16.8588
251	0.0280125	0.00071605	0.468898	16.9012
252	0.0279338	0.000714037	0.46758	16.8537
253	0.0280441	0.000716857	0.469427	16.9203
254	0.0279664	0.000714872	0.468127	16.8734
255	0.0278589	0.000712124	0.466327	16.8085
256	0.02784	0.000711639	0.46601	16.7971
257	0.0278602	0.000712157	0.466349	16.8093
258	0.0279308	0.00071396	0.46753	16.8519
259	0.0278021	0.000710671	0.465376	16.7742
260	0.0278698	0.000712401	0.466509	16.8151
261	0.0277724	0.000709911	0.464878	16.7563
262	0.0278586	0.000712116	0.466322	16.8084
263	0.0277917	0.000710405	0.465202	16.768
264	0.0277675	0.000709786	0.464796	16.7533
265	0.0277575	0.000709531	0.464629	16.7473
266	0.0276597	0.00070703	0.462992	16.6883
267	0.0277411	0.000709112	0.464355	16.7374
268	0.0276977	0.000708002	0.463628	16.7112
269	0.0276521	0.000706837	0.462866	16.6838
270	0.02771	0.000708316	0.463834	16.7187
271	0.0276213	0.000706049	0.462349	16.6651
272	0.0275923	0.000705309	0.461864	16.6477
273	0.0275876	0.000705189	0.461786	16.6448
274	0.0275441	0.000704075	0.461057	16.6186
275	0.0275284	0.000703675	0.460795	16.6091
276	0.027551	0.000704252	0.461173	16.6227
277	0.027487	0.000702617	0.460102	16.5841
278	0.0275079	0.000703151	0.460451	16.5967
279	0.0274415	0.000701454	0.45934	16.5567
280	0.0274761	0.000702339	0.45992	16.5776
281	0.0273903	0.000700144	0.458482	16.5258
282	0.0273285	0.000698565	0.457448	16.4885
283	0.0274405	0.000701428	0.459323	16.5561
284	0.0273713	0.000699658	0.458164	16.5143
285	0.027267	0.000696992	0.456419	16.4514
286	0.0272148	0.000695659	0.455545	16.4199
287	0.0272331	0.000696127	0.455852	16.431
288	0.0272513	0.000696592	0.456156	16.4419
289	0.0272588	0.000696783	0.456281	16.4464
290	0.0271948	0.000695146	0.455209	16.4078
291	0.0271642	0.000694364	0.454698	16.3894
292	0.0271299	0.000693487	0.454123	16.3687
293	0.0270854	0.00069235	0.453379	16.3418
294	0.0270861	0.000692368	0.453391	16.3422
295	0.0271217	0.000693278	0.453986	16.3637
296	0.02702	0.00069068	0.452285	16.3024
297	0.0270703	0.000691965	0.453126	16.3327
298	0.0269974	0.000690101	0.451906	16.2887
299	0.0269788	0.000689625	0.451594	16.2775
300	0.0270177	0.000690619	0.452245	16.301
301	0.0269325	0.000688442	0.450819	16.2496
302	0.0268968	0.00068753	0.450223	16.2281
303	0.0268941	0.000687461	0.450177	16.2264
304	0.0268532	0.000686415	0.449492	16.2017
305	0.0267917	0.000684844	0.448463	16.1646
306	0.0268549	0.000686458	0.44952	16.2027
307	0.0267288	0.000683235	0.447409	16.1267
308	0.0267114	0.00068279	0.447118	16.1162
309	0.0267004	0.00068251	0.446935	16.1096
310	0.0266429	0.00068104	0.445972	16.0748
311	0.0266275	0.000680645	0.445714	16.0655
312	0.0267376	0.000683461	0.447558	16.132
313	0.0265988	0.000679911	0.445233	16.0482
314	0.0266156	0.000680343	0.445516	16.0584
315	0.0266107	0.000680217	0.445433	16.0554
316	0.0264883	0.000677087	0.443384	15.9816
317	0.0264613	0.000676399	0.442933	15.9653
318	0.0264838	0.000676973	0.443309	15.9789
319	0.0265406	0.000678426	0.444261	16.0132
320	0.0263677	0.000674006	0.441366	15.9088
321	0.026378	0.000674268	0.441538	15.915
322	0.0263489	0.000673525	0.441051	15.8975
323	0.0263523	0.000673612	0.441108	15.8995
324	0.0263796	0.00067431	0.441565	15.916
325	0.0262801	0.000671766	0.4399	15.856
326	0.0262746	0.000671626	0.439808	15.8527
327	0.0262155	0.000670115	0.438818	15.817
328	0.0262526	0.000671063	0.439439	15.8394
329	0.0261888	0.000669433	0.438372	15.8009
330	0.0262415	0.000670779	0.439253	15.8326
331	0.0261115	0.000667456	0.437077	15.7542
332	0.0261441	0.00066829	0.437623	15.7739
333	0.0260938	0.000667004	0.436781	15.7436
334	0.0260406	0.000665644	0.435891	15.7115
335	0.0260093	0.000664843	0.435366	15.6925
336	0.0259917	0.000664394	0.435072	15.6819
337	0.0260187	0.000665085	0.435524	15.6983
338	0.0259863	0.000664256	0.434981	15.6787
339	0.0258959	0.000661946	0.433469	15.6242
340	0.0259538	0.000663424	0.434437	15.6591
341	0.025867	0.000661207	0.432985	15.6067
342	0.0258074	0.000659682	0.431986	15.5707
343	0.0257849	0.000659107	0.43161	15.5572
344	0.025762	0.000658523	0.431227	15.5434
345	0.0257129	0.000657267	0.430404	15.5137
346	0.0256967	0.000656853	0.430134	15.504
347	0.0257023	0.000656995	0.430227	15.5073
348	0.0257335	0.000657795	0.430751	15.5262
349	0.0256253	0.000655028	0.428939	15.4609
350	0.025604	0.000654485	0.428583	15.4481
351	0.0255599	0.000653356	0.427844	15.4214
352	0.0255808	0.000653889	0.428193	15.434
353	0.0255533	0.000653187	0.427733	15.4174
354	0.025546	0.000653002	0.427612	15.4131
355	0.0254347	0.000650156	0.425748	15.3459
356	0.0254199	0.000649777	0.4255	15.3369
357	0.025439	0.000650267	0.425821	15.3485
358	0.0254593	0.000650786	0.426161	15.3608
359	0.0253553	0.000648127	0.42442	15.298
360	0.0253967	0.000649184	0.425112	15.323
361	0.0253105	0.000646981	0.423669	15.2709
362	0.0254225	0.000649844	0.425544	15.3385
363	0.0251602	0.00064314	0.421154	15.1803
364	0.0252278	0.000644867	0.422285	15.2211
365	0.0251977	0.000644097	0.421781	15.2029
366	0.0251758	0.000643539	0.421415	15.1897
367	0.0250737	0.000640929	0.419706	15.1281
368	0.025059	0.000640552	0.419459	15.1192
369	0.0251272	0.000642297	0.420602	15.1604
370	0.0250704	0.000640844	0.41965	15.1261
371	0.024989	0.000638763	0.418288	15.077
372	0.0249564	0.000637929	0.417742	15.0573
373	0.0250129	0.000639373	0.418687	15.0914
374	0.0249529	0.000637841	0.417684	15.0552
375	0.0249146	0.000636862	0.417043	15.0321
376	0.0249516	0.000637806	0.417661	15.0544
377	0.024812	0.000634239	0.415325	14.9702
378	0.0248227	0.000634511	0.415503	14.9766
379	0.024851	0.000635237	0.415978	14.9937
380	0.0247627	0.000632978	0.4145	14.9404
381	0.0248161	0.000634344	0.415394	14.9727
382	0.024717	0.000631811	0.413735	14.9129
383	0.0246936	0.000631213	0.413344	14.8988
384	0.0247434	0.000632486	0.414177	14.9288
385	0.0246205	0.000629344	0.41212	14.8546
386	0.0246495	0.000630085	0.412605	14.8721
387	0.0245693	0.000628034	0.411262	14.8237
388	0.0246506	0.000630114	0.412624	14.8728
389	0.0244951	0.000626138	0.41002	14.779
390	0.0245239	0.000626876	0.410503	14.7964
391	0.0245432	0.000627367	0.410825	14.808
392	0.0244372	0.000624657	0.409051	14.744
393	0.0244368	0.000624647	0.409044	14.7438
394	0.0244067	0.000623879	0.408541	14.7257
395	0.0243947	0.000623572	0.40834	14.7184
396	0.0244169	0.00062414	0.408712	14.7318
397	0.0243342	0.000622026	0.407327	14.6819
398	0.0242845	0.000620754	0.406494	14.6519
399	0.0243161	0.000621563	0.407024	14.671
400	0.0242005	0.000618609	0.40509	14.6013
401	0.02427	0.000620384	0.406252	14.6432
402	0.02421	0.000618851	0.405249	14.607
403	0.0241617	0.000617616	0.40444	14.5778
404	0.0241126	0.000616362	0.403618	14.5482
405	0.0241556	0.000617459	0.404337	14.5741
406	0.0240878	0.000615726	0.403202	14.5332
407	0.0240647	0.000615136	0.402816	14.5193
408	0.0239791	0.00061295	0.401384	14.4677
409	0.0240354	0.000614388	0.402326	14.5016
410	0.0239277	0.000611635	0.400523	14.4367
411	0.0239274	0.000611626	0.400517	14.4365
412	0.023928	0.000611643	0.400528	14.4368
413	0.0238833	0.000610498	0.399779	14.4098
414	0.0238783	0.000610371	0.399696	14.4068
415	0.023918	0.000611386	0.40036	14.4308
416	0.0237165	0.000606235	0.396987	14.3092
417	0.0238114	0.000608661	0.398576	14.3665
418	0.0237822	0.000607916	0.398088	14.3489
419	0.0237573	0.000607279	0.397671	14.3338
420	0.0237803	0.000607867	0.398056	14.3477
421	0.0237052	0.000605947	0.396798	14.3024
422	0.0237005	0.000605827	0.39672	14.2996
423	0.0236363	0.000604185	0.395645	14.2608
424	0.0236466	0.000604449	0.395818	14.2671
425	0.0236158	0.000603661	0.395301	14.2484
426	0.0235269	0.000601388	0.393813	14.1948
427	0.0234999	0.000600699	0.393362	14.1785
428	0.0235304	0.000601479	0.393873	14.197
429	0.0235213	0.000601247	0.393721	14.1915
430	0.0234713	0.000599967	0.392882	14.1613
431	0.0234538	0.000599521	0.39259	14.1507
432	0.0233743	0.000597489	0.39126	14.1028
433	0.0233777	0.000597577	0.391317	14.1048
434	0.0234012	0.000598176	0.39171	14.119
435	0.0233294	0.000596341	0.390508	14.0757
436	0.023279	0.000595052	0.389664	14.0453
437	0.0233458	0.000596759	0.390782	14.0855
438	0.0232138	0.000593385	0.388572	14.0059
439	0.0232914	0.000595369	0.389871	14.0527
440	0.0232672	0.00059475	0.389466	14.0381
441	0.0231552	0.000591889	0.387592	13.9706
442	0.0231862	0.000592679	0.38811	13.9892
443	0.0231497	0.000591748	0.3875	13.9673
444	0.0231621	0.000592065	0.387708	13.9747
445	0.023126	0.000591142	0.387104	13.953
446	0.0230171	0.000588359	0.385281	13.8873
447	0.0231223	0.000591046	0.38704	13.9507
448	0.0230579	0.000589402	0.385964	13.9119
449	0.0230357	0.000588834	0.385592	13.8985
450	0.0230535	0.000589288	0.385889	13.9092
451	0.0230164	0.000588341	0.385269	13.8868
452	0.0229827	0.000587478	0.384704	13.8665
453	0.0229745	0.000587268	0.384567	13.8615
454	0.0228979	0.000585312	0.383286	13.8153
455	0.0229477	0.000586583	0.384118	13.8453
456	0.0228955	0.000585248	0.383244	13.8138
457	0.0228507	0.000584104	0.382495	13.7868
458	0.0228718	0.000584645	0.382849	13.7996
459	0.0227925	0.000582617	0.381521	13.7517
460	0.0227754	0.00058218	0.381235	13.7414
461	0.0227919	0.000582602	0.381511	13.7514
462	0.022741	0.0005813	0.380659	13.7207
463	0.0226888	0.000579967	0.379786	13.6892
464	0.0226972	0.000580181	0.379926	13.6942
465	0.0226826	0.000579807	0.379681	13.6854
466	0.0226494	0.000578958	0.379125	13.6654
467	0.0226642	0.000579337	0.379373	13.6743
468	0.0226488	0.000578944	0.379116	13.665
469	0.022582	0.000577236	0.377998	13.6247
470	0.0225141	0.0005755	0.376861	13.5838
471	0.0225797	0.000577177	0.377958	13.6233
472	0.0224836	0.000574721	0.37635	13.5654
473	0.0224535	0.000573951	0.375846	13.5472
474	0.0224523	0.00057392	0.375826	13.5465
475	0.0224377	0.000573548	0.375582	13.5377
476	0.0224505	0.000573875	0.375797	13.5454
477	0.0224569	0.000574037	0.375902	13.5492
478	0.0224788	0.000574599	0.37627	13.5625
479	0.022347	0.000571228	0.374063	13.4829
480	0.0223491	0.000571282	0.374099	13.4842
481	0.0223488	0.000571276	0.374095	13.4841
482	0.0223404	0.000571059	0.373953	13.4789
483	0.0223267	0.000570709	0.373723	13.4707
484	0.0223093	0.000570265	0.373432	13.4602
485	0.0222275	0.000568173	0.372063	13.4108
486	0.0222755	0.0005694	0.372866	13.4398
487	0.0223169	0.000570461	0.373561	13.4648
488	0.0222462	0.000568653	0.372377	13.4221
489	0.0222683	0.000569218	0.372747	13.4355
490	0.0222221	0.000568037	0.371973	13.4076
491	0.0221921	0.00056727	0.371471	13.3895
492	0.0221414	0.000565973	0.370622	13.3589
493	0.0221099	0.000565168	0.370095	13.3399
494	0.0221998	0.000567465	0.371599	13.3941
495	0.0220558	0.000563785	0.369189	13.3072
496	0.0221035	0.000565005	0.369988	13.336
497	0.0221192	0.000565407	0.370251	13.3455
498	0.0220456	0.000563524	0.369018	13.3011
499	0.0220113	0.000562648	0.368444	13.2804
500	0.0220933	0.000564745	0.369818	13.3299
501	0.0219917	0.000562146	0.368116	13.2686
502	0.0220463	0.000563544	0.369031	13.3015
503	0.0219229	0.000560389	0.366965	13.2271
504	0.0219089	0.00056003	0.36673	13.2186
505	0.0218913	0.000559581	0.366436	13.208
506	0.0219613	0.000561369	0.367607	13.2502
507	0.0218908	0.000559568	0.366428	13.2077
508	0.0218699	0.000559035	0.366078	13.1951
509	0.0218837	0.000559386	0.366308	13.2034
510	0.0218235	0.000557848	0.365301	13.1671
511	0.0217578	0.000556169	0.364202	13.1275
512	0.021814	0.000557605	0.365142	13.1614
513	0.0218433	0.000558354	0.365633	13.179
514	0.0217686	0.000556444	0.364382	13.134
515	0.0217141	0.000555051	0.363469	13.1011
516	0.021735	0.000555585	0.363819	13.1137
517	0.0217227	0.000555271	0.363614	13.1063
518	0.021662	0.000553718	0.362597	13.0696
519	0.0217135	0.000555035	0.363459	13.1007
520	0.0216899	0.000554433	0.363065	13.0865
521	0.0216601	0.000553671	0.362566	13.0685
522	0.0216558	0.000553561	0.362494	13.0659
523	0.0216634	0.000553755	0.362621	13.0705
524	0.0215651	0.000551241	0.360975	13.0112
525	0.0216439	0.000553256	0.362294	13.0587
526	0.0216009	0.000552156	0.361574	13.0328
527	0.0214406	0.00054806	0.358892	12.9361
528	0.0215112	0.000549864	0.360073	12.9787
529	0.0215345	0.000550461	0.360464	12.9927
530	0.0215136	0.000549926	0.360113	12.9801
531	0.0214822	0.000549124	0.359589	12.9612
532	0.0215296	0.000550335	0.360381	12.9898
533	0.0214967	0.000549495	0.359831	12.9699
534	0.0214443	0.000548154	0.358953	12.9383
535	0.0214205	0.000547547	0.358556	12.924
536	0.0214515	0.000548337	0.359073	12.9426
537	0.0214171	0.000547459	0.358498	12.9219
538	0.0213791	0.000546487	0.357861	12.8989
539	0.0213773	0.000546442	0.357832	12.8979
540	0.0213514	0.00054578	0.357399	12.8823
541	0.021356	0.000545897	0.357476	12.885
542	0.0213317	0.000545277	0.357069	12.8704
543	0.021321	0.000545002	0.356889	12.8639
544	0.0213115	0.00054476	0.356731	12.8582
545	0.0212493	0.000543171	0.35569	12.8207
546	0.0212637	0.000543537	0.35593	12.8293
547	0.0212252	0.000542553	0.355286	12.8061
548	0.0212383	0.000542888	0.355505	12.814
549	0.0211847	0.000541518	0.354608	12.7817
550	0.0212851	0.000544086	0.356289	12.8423
551	0.021196	0.000541808	0.354797	12.7885
552	0.0212346	0.000542794	0.355443	12.8118
553	0.0211919	0.000541704	0.354729	12.786
554	0.0211675	0.00054108	0.354321	12.7713
555	0.0211504	0.000540641	0.354034	12.761
556	0.0212025	0.000541973	0.354906	12.7924
557	0.021091	0.000539124	0.35304	12.7252
558	0.0211244	0.000539977	0.353599	12.7453
559	0.0211107	0.000539628	0.35337	12.737
560	0.0210448	0.000537943	0.352267	12.6973
561	0.0209932	0.000536623	0.351402	12.6661
562	0.0210818	0.000538889	0.352886	12.7196
563	0.0211088	0.000539578	0.353337	12.7359
564	0.0210747	0.000538706	0.352767	12.7153
565	0.0209597	0.000535768	0.350842	12.6459
566	0.0210911	0.000539125	0.35304	12.7252
567	0.0209702	0.000536035	0.351017	12.6522
568	0.0208996	0.000534231	0.349836	12.6097
569	0.0210302	0.000537569	0.352022	12.6885
570	0.020955	0.000535646	0.350763	12.6431
571	0.0209315	0.000535047	0.35037	12.6289
572	0.0209836	0.000536377	0.351241	12.6603
573	0.0209061	0.000534396	0.349944	12.6136
574	0.0209558	0.000535668	0.350777	12.6436
575	0.0208732	0.000533556	0.349394	12.5937
576	0.020887	0.000533908	0.349624	12.602
577	0.0209247	0.000534873	0.350256	12.6248
578	0.0208446	0.000532825	0.348915	12.5765
579	0.0207769	0.000531094	0.347782	12.5356
580	0.0208328	0.000532522	0.348717	12.5693
581	0.0208146	0.000532058	0.348413	12.5584
582	0.0208022	0.000531742	0.348206	12.5509
583	0.0207614	0.000530698	0.347522	12.5263
584	0.0207799	0.000531172	0.347833	12.5375
585	0.0207283	0.000529853	0.346969	12.5063
586	0.0207252	0.000529773	0.346917	12.5044
587	0.0207784	0.000531134	0.347808	12.5366
588	0.0206901	0.000528877	0.34633	12.4833
589	0.0207257	0.000529786	0.346925	12.5047
590	0.0207343	0.000530005	0.347069	12.5099
591	0.0207188	0.000529609	0.346809	12.5006
592	0.020678	0.000528566	0.346126	12.476
593	0.020652	0.000527901	0.345691	12.4603
594	0.0206729	0.000528436	0.346041	12.4729
595	0.0206594	0.000528091	0.345815	12.4647
596	0.0206552	0.000527984	0.345745	12.4622
597	0.020689	0.000528847	0.34631	12.4826
598	0.0206548	0.000527974	0.345739	12.462
599	0.0205768	0.00052598	0.344433	12.4149
600	0.0205801	0.000526063	0.344487	12.4169
601	0.0206283	0.000527297	0.345295	12.446
602	0.020644	0.000527696	0.345557	12.4554
603	0.0206066	0.000526742	0.344932	12.4329
604	0.0205762	0.000525965	0.344423	12.4146
605	0.0206034	0.00052666	0.344878	12.431
606	0.0205452	0.000525171	0.343903	12.3958
607	0.0204958	0.000523908	0.343076	12.366
608	0.0205511	0.000525322	0.344002	12.3994
609	0.0205127	0.00052434	0.343359	12.3762
610	0.0204506	0.000522754	0.34232	12.3388
611	0.0205125	0.000524336	0.343356	12.3761
612	0.0204943	0.00052387	0.343051	12.3651
613	0.0204283	0.000522184	0.341947	12.3253
614	0.0204802	0.000523511	0.342816	12.3566
615	0.0205019	0.000524064	0.343178	12.3697
616	0.0204024	0.000521522	0.341514	12.3097
617	0.020391	0.00052123	0.341322	12.3028
618	0.0204468	0.000522656	0.342256	12.3365
619	0.0204737	0.000523345	0.342707	12.3527
620	0.0203519	0.00052023	0.340667	12.2792
621	0.0203795	0.000520937	0.341131	12.2959
622	0.0203771	0.000520874	0.341089	12.2944
623	0.0203988	0.000521429	0.341453	12.3075
624	0.0204063	0.000521621	0.341578	12.312
625	0.0203624	0.000520498	0.340843	12.2855
626	0.0203523	0.000520241	0.340675	12.2794
627	0.020373	0.00052077	0.341021	12.2919
628	0.0203436	0.000520018	0.340529	12.2742
629	0.0203241	0.000519521	0.340203	12.2624
630	0.0203726	0.000520759	0.341014	12.2917
631	0.0203702	0.000520698	0.340974	12.2902
632	0.0202878	0.000518593	0.339595	12.2405
633	0.0203024	0.000518966	0.33984	12.2494
634	0.0202978	0.000518848	0.339763	12.2466
635	0.0202047	0.000516469	0.338204	12.1904
636	0.0202429	0.000517445	0.338844	12.2135
637	0.0202716	0.000518177	0.339323	12.2307
638	0.020195	0.00051622	0.338042	12.1845
639	0.0202404	0.00051738	0.338801	12.2119
640	0.0202193	0.00051684	0.338448	12.1992
641	0.0202023	0.000516407	0.338164	12.189
642	0.0201146	0.000514165	0.336696	12.136
643	0.0202355	0.000517255	0.33872	12.209
644	0.02018	0.000515836	0.33779	12.1755
645	0.0201887	0.000516058	0.337936	12.1807
646	0.0201625	0.00051539	0.337498	12.165
647	0.0201493	0.000515051	0.337276	12.1569
648	0.0201783	0.000515794	0.337763	12.1745
649	0.020149	0.000515044	0.337272	12.1568
650	0.020078	0.000513229	0.336083	12.1139
651	0.0201126	0.000514113	0.336662	12.1348
652	0.0200619	0.000512819	0.335814	12.1043
653	0.020116	0.000514201	0.336719	12.1369
654	0.0200663	0.000512929	0.335887	12.1069
655	0.0201584	0.000515285	0.337429	12.1625
656	0.0200449	0.000512383	0.335529	12.094
657	0.0200341	0.000512107	0.335348	12.0875
658	0.0200364	0.000512166	0.335387	12.0888
659	0.020061	0.000512794	0.335798	12.1037
660	0.0200676	0.000512964	0.33591	12.1077
661	0.0200001	0.000511237	0.334779	12.0669
662	0.0199786	0.000510689	0.334419	12.054
663	0.0200424	0.000512319	0.335487	12.0925
664	0.020048	0.000512463	0.335581	12.0959
665	0.0199919	0.000511028	0.334641	12.062
666	0.0199692	0.000510448	0.334262	12.0483
667	0.0199093	0.000508916	0.333259	12.0122
668	0.0199916	0.00051102	0.334636	12.0618
669	0.0199537	0.000510052	0.334002	12.0389
670	0.0199602	0.000510218	0.334111	12.0429
671	0.0199663	0.000510375	0.334214	12.0466
672	0.0199164	0.000509099	0.333378	12.0165
673	0.0199458	0.000509849	0.33387	12.0342
674	0.0200031	0.000511315	0.334829	12.0688
675	0.0199252	0.000509323	0.333525	12.0218
676	0.0198398	0.000507141	0.332096	11.9703
677	0.0199363	0.000509608	0.333712	12.0285
678	0.0199379	0.000509649	0.333739	12.0295
679	0.0198411	0.000507174	0.332118	11.971
680	0.0198868	0.000508342	0.332883	11.9986
681	0.0198689	0.000507884	0.332583	11.9878
682	0.0198135	0.000506469	0.331656	11.9544
683	0.0198792	0.000508149	0.332756	11.994
684	0.0198756	0.000508056	0.332695	11.9918
685	0.0198424	0.000507206	0.332139	11.9718
686	0.0197382	0.000504544	0.330395	11.9089
687	0.0198152	0.000506511	0.331684	11.9554
688	0.0197995	0.000506109	0.331421	11.9459
689	0.0197459	0.000504741	0.330525	11.9136
690	0.019754	0.000504947	0.33066	11.9185
691	0.0198248	0.000506758	0.331845	11.9612
692	0.0197591	0.000505077	0.330745	11.9215
693	0.0197494	0.000504829	0.330582	11.9157
694	0.019737	0.000504514	0.330376	11.9082
695	0.0197104	0.000503833	0.32993	11.8922
696	0.0197416	0.000504631	0.330453	11.911
697	0.0197076	0.000503761	0.329883	11.8905
698	0.019696	0.000503464	0.329688	11.8835
699	0.0197704	0.000505366	0.330934	11.9284
700	0.0197397	0.000504582	0.33042	11.9098
701	0.0197327	0.000504404	0.330304	11.9056
702	0.0196227	0.000501591	0.328462	11.8392
703	0.0197275	0.000504271	0.330217	11.9025
704	0.0196584	0.000502504	0.32906	11.8608
705	0.0196582	0.000502499	0.329057	11.8607
706	0.0196051	0.000501142	0.328168	11.8286
707	0.0196044	0.000501123	0.328156	11.8282
708	0.0195786	0.000500463	0.327723	11.8126
709	0.0196257	0.000501667	0.328512	11.841
710	0.0195972	0.000500939	0.328035	11.8239
711	0.0195843	0.000500609	0.327819	11.8161
712	0.0195893	0.000500738	0.327903	11.8191
713	0.0195587	0.000499954	0.32739	11.8006
714	0.0196098	0.000501262	0.328247	11.8315
715	0.0195787	0.000500466	0.327725	11.8127
716	0.0195793	0.000500482	0.327736	11.8131
717	0.0195768	0.000500419	0.327694	11.8116
718	0.0195009	0.000498478	0.326424	11.7658
719	0.0195333	0.000499306	0.326966	11.7853
720	0.0195086	0.000498674	0.326552	11.7704
721	0.0195725	0.000500307	0.327621	11.8089
722	0.0195117	0.000498753	0.326603	11.7723
723	0.0194771	0.00049787	0.326025	11.7514
724	0.0194739	0.000497788	0.325972	11.7495
725	0.019444	0.000497023	0.325471	11.7314
726	0.0193749	0.000495256	0.324313	11.6897
727	0.0194853	0.00049808	0.326162	11.7564
728	0.0194501	0.000497178	0.325572	11.7351
729	0.0194693	0.000497669	0.325894	11.7467
730	0.0194018	0.000495945	0.324765	11.706
731	0.0194327	0.000496734	0.325281	11.7246
732	0.019426	0.000496562	0.325169	11.7205
733	0.0194071	0.000496081	0.324854	11.7092
734	0.0193961	0.000495798	0.324668	11.7025
735	0.0194299	0.000496663	0.325235	11.7229
736	0.019364	0.000494977	0.324131	11.6831
737	0.0193676	0.00049507	0.324191	11.6853
738	0.0193725	0.000495197	0.324275	11.6883
739	0.0193075	0.000493535	0.323186	11.6491
740	0.0192844	0.000492943	0.322799	11.6351
741	0.0193714	0.000495166	0.324255	11.6876
742	0.0193267	0.000494023	0.323506	11.6606
743	0.019351	0.000494646	0.323914	11.6753
744	0.0193393	0.000494347	0.323718	11.6683
745	0.0192576	0.000492258	0.32235	11.619
746	0.0192566	0.000492233	0.322334	11.6184
747	0.0192214	0.000491332	0.321744	11.5971
748	0.019246	0.000491963	0.322157	11.612
749	0.0192596	0.000492311	0.322385	11.6202
750	0.0192548	0.000492186	0.322303	11.6173
751	0.0192903	0.000493094	0.322897	11.6387
752	0.019239	0.000491784	0.32204	11.6078
753	0.0192049	0.000490911	0.321468	11.5872
754	0.0192413	0.000491841	0.322077	11.6091
755	0.0191708	0.000490039	0.320897	11.5666
756	0.0191197	0.000488732	0.320041	11.5357
757	0.0191703	0.000490028	0.32089	11.5663
758	0.0191542	0.000489615	0.320619	11.5566
759	0.0191243	0.00048885	0.320119	11.5385
760	0.0191209	0.000488765	0.320063	11.5365
761	0.0191685	0.000489981	0.320859	11.5652
762	0.0191007	0.000488247	0.319724	11.5243
763	0.0191553	0.000489644	0.320639	11.5573
764	0.0191143	0.000488596	0.319952	11.5325
765	0.0191349	0.000489121	0.320296	11.5449
766	0.0191413	0.000489287	0.320405	11.5488
767	0.0191094	0.000488471	0.31987	11.5296
768	0.0191152	0.00048862	0.319968	11.5331
769	0.0190377	0.000486636	0.318669	11.4863
770	0.0191343	0.000489107	0.320287	11.5446
771	0.019108	0.000488434	0.319846	11.5287
772	0.0190645	0.000487321	0.319118	11.5024
773	0.018994	0.000485519	0.317937	11.4599
774	0.0190151	0.00048606	0.318292	11.4727
775	0.0190259	0.000486336	0.318472	11.4792
776	0.0190276	0.000486379	0.318501	11.4802
777	0.0190196	0.000486176	0.318367	11.4754
778	0.0189512	0.000484425	0.317221	11.4341
779	0.0189699	0.000484905	0.317535	11.4454
780	0.0189678	0.00048485	0.317499	11.4441
781	0.0189617	0.000484694	0.317397	11.4404
782	0.0189345	0.000484	0.316943	11.4241
783	0.0189502	0.000484401	0.317205	11.4335
784	0.0189652	0.000484785	0.317457	11.4426
785	0.0190057	0.000485821	0.318135	11.467
786	0.0189082	0.000483327	0.316502	11.4081
787	0.0188494	0.000481825	0.315518	11.3727
788	0.0188958	0.000483009	0.316294	11.4007
789	0.0189015	0.000483155	0.316389	11.4041
790	0.0188957	0.000483008	0.316293	11.4006
791	0.0188351	0.000481458	0.315278	11.3641
792	0.018863	0.000482171	0.315745	11.3809
793	0.0188741	0.000482456	0.315932	11.3876
794	0.0188402	0.00048159	0.315364	11.3672
795	0.0188025	0.000480626	0.314733	11.3444
796	0.0188441	0.00048169	0.31543	11.3695
797	0.0188354	0.000481465	0.315283	11.3642
798	0.0188131	0.000480895	0.314909	11.3508
799	0.0188293	0.00048131	0.315181	11.3605
800	0.0187592	0.000479519	0.314008	11.3183
801	0.0187762	0.000479953	0.314292	11.3285
802	0.0187748	0.000479917	0.314269	11.3277
803	0.0187795	0.000480038	0.314348	11.3305
804	0.0187784	0.00048001	0.31433	11.3299
805	0.0187391	0.000479005	0.313672	11.3061
806	0.0187345	0.000478888	0.313595	11.3034
807	0.0187552	0.000479416	0.313941	11.3158
808	0.0186781	0.000477446	0.312651	11.2694
809	0.0187381	0.000478979	0.313655	11.3055
810	0.0187005	0.000478018	0.313026	11.2829
811	0.0187367	0.000478942	0.31363	11.3047
812	0.0186295	0.000476202	0.311836	11.24
813	0.0186948	0.000477871	0.312929	11.2794
814	0.0186085	0.000475666	0.311485	11.2273
815	0.0186225	0.000476025	0.31172	11.2358
816	0.0186376	0.00047641	0.311973	11.2449
817	0.0186707	0.000477255	0.312526	11.2648
818	0.0186802	0.000477499	0.312686	11.2706
819	0.0185527	0.00047424	0.310552	11.1937
820	0.0186051	0.000475579	0.311428	11.2253
821	0.0186093	0.000475686	0.311498	11.2278
822	0.0186137	0.0004758	0.311573	11.2305
823	0.0186131	0.000475783	0.311562	11.2301
824	0.0185196	0.000473395	0.309998	11.1737
825	0.0185778	0.000474882	0.310971	11.2088
826	0.0185422	0.000473972	0.310376	11.1873
827	0.0184912	0.000472669	0.309522	11.1566
828	0.0185169	0.000473324	0.309951	11.172
829	0.0185859	0.000475087	0.311106	11.2137
830	0.018511	0.000473175	0.309854	11.1685
831	0.0184805	0.000472395	0.309343	11.1501
832	0.0184899	0.000472635	0.3095	11.1558
833	0.0184894	0.000472621	0.309491	11.1555
834	0.0184345	0.000471219	0.308573	11.1224
835	0.0184312	0.000471135	0.308518	11.1204
836	0.0184	0.000470337	0.307995	11.1015
837	0.0184789	0.000472352	0.309315	11.1491
838	0.0183616	0.000469355	0.307352	11.0784
839	0.0183653	0.00046945	0.307414	11.0806
840	0.0184025	0.000470401	0.308037	11.1031
841	0.0184099	0.00047059	0.308161	11.1075
842	0.0183774	0.000469759	0.307617	11.0879
843	0.0183852	0.000469957	0.307747	11.0926
844	0.018326	0.000468445	0.306757	11.0569
845	0.0183217	0.000468336	0.306685	11.0543
846	0.0183353	0.000468683	0.306912	11.0625
847	0.0183262	0.000468449	0.306759	11.057
848	0.0183036	0.000467873	0.306382	11.0434
849	0.018311	0.000468061	0.306505	11.0478
850	0.0182732	0.000467096	0.305873	11.025
851	0.0183065	0.000467948	0.306431	11.0452
852	0.0182869	0.000467446	0.306102	11.0333
853	0.0182984	0.00046774	0.306295	11.0402
854	0.0182405	0.00046626	0.305325	11.0053
855	0.0182814	0.000467305	0.30601	11.03
856	0.0182475	0.000466439	0.305443	11.0095
857	0.0182675	0.000466951	0.305778	11.0216
858	0.018199	0.000465198	0.30463	10.9802
859	0.0182044	0.000465337	0.304722	10.9835
860	0.018204	0.000465326	0.304714	10.9833
861	0.0181552	0.00046408	0.303898	10.9539
862	0.0180959	0.000462562	0.302904	10.918
863	0.0180698	0.000461895	0.302468	10.9023
864	0.0181243	0.00046329	0.303381	10.9352
865	0.0181832	0.000464794	0.304366	10.9707
866	0.018137	0.000463615	0.303594	10.9429
867	0.0181455	0.000463832	0.303736	10.948
868	0.0181141	0.000463029	0.30321	10.929
869	0.0181719	0.000464506	0.304177	10.9639
870	0.0181569	0.000464122	0.303926	10.9548
871	0.018083	0.000462235	0.30269	10.9103
872	0.0180834	0.000462243	0.302695	10.9105
873	0.0181201	0.000463181	0.303309	10.9326
874	0.0180099	0.000460365	0.301465	10.8662
875	0.0180562	0.00046155	0.302241	10.8941
876	0.0181063	0.000462829	0.303079	10.9243
877	0.0180091	0.000460345	0.301452	10.8657
878	0.0179591	0.000459067	0.300615	10.8355
879	0.0179787	0.000459568	0.300943	10.8474
880	0.0179925	0.00045992	0.301174	10.8557
881	0.0179932	0.000459937	0.301185	10.8561
882	0.0179178	0.000458012	0.299924	10.8106
883	0.0179453	0.000458714	0.300384	10.8272
884	0.0179221	0.000458119	0.299995	10.8132
885	0.0179064	0.00045772	0.299733	10.8037
886	0.017882	0.000457097	0.299325	10.789
887	0.0179248	0.00045819	0.300041	10.8148
888	0.0179154	0.000457949	0.299883	10.8091
889	0.0178655	0.000456673	0.299048	10.779
890	0.0178758	0.000456938	0.299221	10.7853
891	0.0179175	0.000458004	0.299919	10.8104
892	0.0178837	0.000457138	0.299352	10.79
893	0.0178643	0.000456644	0.299029	10.7784
894	0.017836	0.000455919	0.298554	10.7612
895	0.0178204	0.00045552	0.298293	10.7518
896	0.0178138	0.000455353	0.298184	10.7479
897	0.0178205	0.000455524	0.298295	10.7519
898	0.0178189	0.000455483	0.298269	10.751
899	0.0178347	0.000455886	0.298533	10.7605
900	0.0177447	0.000453586	0.297027	10.7062
901	0.0177175	0.00045289	0.296571	10.6897
902	0.0177378	0.000453408	0.29691	10.702
903	0.0177871	0.00045467	0.297736	10.7317
904	0.0177495	0.000453709	0.297107	10.7091
905	0.0176922	0.000452244	0.296147	10.6745
906	0.0176877	0.000452128	0.296071	10.6718
907	0.0176843	0.000452041	0.296015	10.6697
908	0.0177089	0.000452671	0.296427	10.6846
909	0.0176914	0.000452223	0.296134	10.674
910	0.0176218	0.000450445	0.294969	10.632
911	0.0176455	0.000451049	0.295365	10.6463
912	0.0176207	0.000450417	0.294951	10.6314
913	0.0176143	0.000450253	0.294844	10.6275
914	0.0176137	0.000450237	0.294833	10.6271
915	0.0176337	0.000450749	0.295169	10.6392
916	0.017552	0.000448661	0.293801	10.5899
917	0.0176015	0.000449926	0.29463	10.6198
918	0.0175948	0.000449753	0.294516	10.6157
919	0.0174751	0.000446696	0.292514	10.5435
920	0.0175573	0.000448796	0.293889	10.5931
921	0.0175333	0.000448183	0.293488	10.5786
922	0.0174798	0.000446815	0.292593	10.5464
923	0.0174585	0.00044627	0.292236	10.5335
924	0.017511	0.000447612	0.293114	10.5652
925	0.0174912	0.000447106	0.292783	10.5532
926	0.0175281	0.00044805	0.293401	10.5755
927	0.0174961	0.000447232	0.292866	10.5562
928	0.0174565	0.00044622	0.292203	10.5323
929	0.0174474	0.000445987	0.29205	10.5268
930	0.0174652	0.000446441	0.292347	10.5375
931	0.0173875	0.000444457	0.291048	10.4907
932	0.0174282	0.000445496	0.291729	10.5152
933	0.0174383	0.000445753	0.291897	10.5213
934	0.0174085	0.000444993	0.291399	10.5034
935	0.0174249	0.000445412	0.291674	10.5132
936	0.0172983	0.000442175	0.289554	10.4368
937	0.0173409	0.000443263	0.290266	10.4625
938	0.0173518	0.000443542	0.290449	10.4691
939	0.0172969	0.000442138	0.28953	10.436
940	0.0173025	0.000442282	0.289624	10.4393
941	0.0172892	0.000441942	0.289401	10.4313
942	0.0172387	0.000440652	0.288557	10.4009
943	0.0172712	0.000441482	0.2891	10.4205
944	0.0172933	0.000442048	0.289471	10.4338
945	0.0172753	0.000441587	0.289169	10.4229
946	0.0172486	0.000440905	0.288722	10.4069
947	0.0172609	0.00044122	0.288929	10.4143
948	0.0172447	0.000440806	0.288657	10.4045
949	0.0172141	0.000440023	0.288145	10.386
950	0.0171985	0.000439624	0.287884	10.3766
951	0.0171936	0.000439498	0.287801	10.3736
952	0.0171921	0.000439461	0.287776	10.3728
953	0.0172319	0.000440477	0.288442	10.3968
954	0.0171871	0.000439332	0.287692	10.3697
955	0.0172012	0.000439694	0.287929	10.3783
956	0.0171094	0.000437347	0.286392	10.3229
957	0.0171404	0.00043814	0.286912	10.3416
958	0.0171548	0.000438506	0.287152	10.3502
959	0.0171232	0.000437699	0.286623	10.3312
960	0.017109	0.000437336	0.286385	10.3226
961	0.0171085	0.000437324	0.286377	10.3223
962	0.0171165	0.000437529	0.286512	10.3272
963	0.0170327	0.000435385	0.285108	10.2766
964	0.0170668	0.000436258	0.285679	10.2972
965	0.017054	0.00043593	0.285465	10.2894
966	0.0169985	0.000434512	0.284536	10.256
967	0.0170176	0.000435	0.284855	10.2675
968	0.0170316	0.000435357	0.285089	10.2759
969	0.0169605	0.00043354	0.283899	10.233
970	0.0170217	0.000435105	0.284924	10.27
971	0.0170254	0.000435199	0.284986	10.2722
972	0.0169803	0.000434047	0.284232	10.245
973	0.0169472	0.000433201	0.283678	10.225
974	0.0169189	0.000432478	0.283204	10.2079
975	0.0169455	0.000433157	0.283649	10.224
976	0.0169113	0.000432283	0.283076	10.2033
977	0.016854	0.000430818	0.282117	10.1688
978	0.0169028	0.000432066	0.282934	10.1982
979	0.0168182	0.000429902	0.281517	10.1472
980	0.0168612	0.000431002	0.282237	10.1731
981	0.0168933	0.000431822	0.282774	10.1925
982	0.0169274	0.000432694	0.283345	10.213
983	0.0168159	0.000429844	0.281479	10.1458
984	0.01686	0.00043097	0.282217	10.1724
985	0.0168132	0.000429775	0.281434	10.1442
986	0.016853	0.000430792	0.2821	10.1681
987	0.0168229	0.000430024	0.281597	10.15
988	0.01679	0.000429183	0.281046	10.1302
989	0.016794	0.000429285	0.281113	10.1326
990	0.0167901	0.000429184	0.281047	10.1302
991	0.0167531	0.000428239	0.280428	10.1079
992	0.0167499	0.000428157	0.280374	10.106
993	0.016691	0.000426653	0.279389	10.0704
994	0.0167435	0.000427993	0.280267	10.1021
995	0.0167172	0.00042732	0.279826	10.0862
996	0.0167012	0.000426912	0.279559	10.0766
997	0.016638	0.000425298	0.278502	10.0385
998	0.0166615	0.000425898	0.278895	10.0526
999	0.0166719	0.000426162	0.279068	10.0589
1000	0.0166499	0.000425601	0.278701	10.0456
1001	0.0166561	0.00042576	0.278805	10.0494
1002	0.016619	0.000424811	0.278184	10.027
1003	0.0165647	0.000423422	0.277274	9.9942
1004	0.0166456	0.000425491	0.278629	10.043
1005	0.016538	0.000422741	0.276828	9.97811
1006	0.0165929	0.000424145	0.277747	10.0113
1007	0.0165636	0.000423396	0.277256	9.99357
1008	0.0165703	0.000423567	0.277368	9.99761
1009	0.0165867	0.000423986	0.277643	10.0075
1010	0.0166208	0.000424858	0.278214	10.0281
1011	0.0165702	0.000423565	0.277367	9.99757
1012	0.016531	0.000422561	0.27671	9.97388
1013	0.016497	0.000421693	0.276142	9.95339
1014	0.0165225	0.000422345	0.276568	9.96877
1015	0.0164628	0.000420817	0.275568	9.93272
1016	0.0164956	0.000421656	0.276117	9.95251
1017	0.0164454	0.000420374	0.275278	9.92225
1018	0.0164461	0.000420393	0.27529	9.92269
1019	0.016481	0.000421283	0.275873	9.9437
1020	0.016401	0.000419239	0.274535	9.89547
1021	0.0164474	0.000420424	0.275311	9.92344
1022	0.016413	0.000419546	0.274735	9.9027
1023	0.0163956	0.000419101	0.274444	9.89221
1024	0.0163952	0.000419091	0.274437	9.89196
1025	0.0164084	0.000419428	0.274659	9.89993
1026	0.0162976	0.000416594	0.272803	9.83304
1027	0.0163467	0.00041785	0.273625	9.86267
1028	0.0163786	0.000418667	0.27416	9.88197
1029	0.0163115	0.000416952	0.273037	9.84147
1030	0.0163184	0.000417128	0.273152	9.84564
1031	0.0163401	0.000417681	0.273514	9.85869
1032	0.0163398	0.000417674	0.27351	9.85853
1033	0.0163415	0.000417718	0.273538	9.85956
1034	0.0162644	0.000415748	0.272248	9.81305
1035	0.0162291	0.000414845	0.271657	9.79176
1036	0.0162089	0.000414328	0.271319	9.77956
1037	0.016256	0.000415533	0.272108	9.80799
1038	0.0162213	0.000414645	0.271526	9.78702
1039	0.0162305	0.000414881	0.27168	9.79259
1040	0.0161664	0.000413241	0.270607	9.75388
1041	0.0162342	0.000414975	0.271742	9.79481
1042	0.0162236	0.000414703	0.271564	9.7884
1043	0.0161852	0.000413722	0.270921	9.76523
1044	0.016235	0.000414994	0.271755	9.79528
1045	0.0161273	0.000412242	0.269953	9.73031
1046	0.0161765	0.0004135	0.270777	9.76001
1047	0.0161303	0.00041232	0.270004	9.73215
1048	0.0161083	0.000411756	0.269634	9.71883
1049	0.0161123	0.000411859	0.269702	9.72126
1050	0.0161284	0.000412272	0.269972	9.73101
1051	0.0160688	0.000410746	0.268973	9.695
1052	0.0160745	0.000410893	0.269069	9.69847
1053	0.0160284	0.000409715	0.268298	9.67066
1054	0.0160273	0.000409687	0.26828	9.67001
1055	0.0160561	0.000410422	0.268761	9.68736
1056	0.0160371	0.000409937	0.268443	9.6759
1057	0.0160489	0.000410237	0.26864	9.68299
1058	0.0159997	0.000408981	0.267817	9.65333
1059	0.0160411	0.000410039	0.26851	9.67832
1060	0.016057	0.000410446	0.268776	9.68792
1061	0.0159741	0.000408325	0.267388	9.63786
1062	0.0160043	0.000409097	0.267893	9.65609
1063	0.0159656	0.000408108	0.267246	9.63274
1064	0.015963	0.000408043	0.267203	9.6312
1065	0.0159388	0.000407424	0.266798	9.61659
1066	0.0159167	0.000406858	0.266427	9.60324
1067	0.0158814	0.000405957	0.265837	9.58196
1068	0.015831	0.000404669	0.264994	9.55157
1069	0.0159048	0.000406554	0.266228	9.59606
1070	0.0158379	0.000404844	0.265108	9.55568
1071	0.0158841	0.000406025	0.265881	9.58356
1072	0.0158467	0.00040507	0.265256	9.56102
1073	0.015842	0.000404949	0.265177	9.55818
1074	0.0158232	0.00040447	0.264863	9.54685
1075	0.0158631	0.000405489	0.265531	9.57092
1076	0.0158105	0.000404144	0.264649	9.53916
1077	0.0157795	0.000403352	0.264131	9.52047
1078	0.0157773	0.000403295	0.264094	9.51912
1079	0.0157657	0.000403	0.2639	9.51216
1080	0.0157861	0.00040352	0.264241	9.52443
1081	0.0157413	0.000402376	0.263492	9.49743
1082	0.0157668	0.000403027	0.263919	9.51281
1083	0.0157494	0.000402582	0.263627	9.5023
1084	0.0157651	0.000402984	0.26389	9.51179
1085	0.0156792	0.000400788	0.262452	9.45996
1086	0.0156878	0.000401008	0.262596	9.46514
1087	0.0156869	0.000400984	0.26258	9.46458
1088	0.0156305	0.000399544	0.261638	9.4306
1089	0.0156719	0.000400601	0.26233	9.45554
1090	0.0155993	0.000398747	0.261115	9.41178
1091	0.0156328	0.000399603	0.261676	9.43199
1092	0.0156529	0.000400116	0.262012	9.44411
1093	0.0156198	0.000399271	0.261458	9.42414
1094	0.0156464	0.00039995	0.261904	9.44018
1095	0.0156272	0.00039946	0.261582	9.42861
1096	0.0155954	0.000398645	0.261049	9.40937
1097	0.0155765	0.000398163	0.260733	9.398
1098	0.0155257	0.000396864	0.259883	9.36734
1099	0.0155116	0.000396504	0.259647	9.35884
1100	0.0155541	0.000397589	0.260357	9.38446
1101	0.0154962	0.00039611	0.259389	9.34955
1102	0.0155782	0.000398206	0.260761	9.39901
1103	0.0155184	0.000396679	0.259761	9.36296
1104	0.0154583	0.000395141	0.258754	9.32667
1105	0.0154561	0.000395085	0.258718	9.32535
1106	0.0154988	0.000396177	0.259432	9.35111
1107	0.0154201	0.000394164	0.258114	9.30361
1108	0.0154793	0.000395678	0.259106	9.33934
1109	0.0153946	0.000393514	0.257689	9.28827
1110	0.0154421	0.000394729	0.258484	9.31694
1111	0.0154358	0.000394567	0.258378	9.31312
1112	0.0154336	0.00039451	0.258341	9.31176
1113	0.0154279	0.000394364	0.258245	9.30833
1114	0.0153696	0.000392874	0.257269	9.27315
1115	0.0153964	0.000393558	0.257718	9.28931
1116	0.0153857	0.000393286	0.25754	9.28289
1117	0.0153681	0.000392836	0.257245	9.27226
1118	0.0153341	0.000391967	0.256675	9.25174
1119	0.0154088	0.000393876	0.257926	9.29682
1120	0.0152857	0.000390729	0.255865	9.22252
1121	0.015254	0.00038992	0.255335	9.20343
1122	0.0153101	0.000391352	0.256273	9.23724
1123	0.0153229	0.00039168	0.256488	9.24497
1124	0.0153036	0.000391186	0.256165	9.23333
1125	0.0152876	0.000390778	0.255897	9.22369
1126	0.015326	0.000391759	0.25654	9.24684
1127	0.0152236	0.000389143	0.254826	9.18509
1128	0.0151904	0.000388294	0.254271	9.16506
1129	0.015233	0.000389383	0.254983	9.19075
1130	0.0152375	0.000389496	0.255058	9.19343
1131	0.0152303	0.000389314	0.254939	9.18914
1132	0.0151984	0.000388499	0.254404	9.16989
1133	0.0152166	0.000388962	0.254708	9.18082
1134	0.0152076	0.000388733	0.254558	9.17543
1135	0.0152008	0.00038856	0.254445	9.17134
1136	0.015138	0.000386954	0.253393	9.13341
1137	0.0151694	0.000387757	0.253919	9.15238
1138	0.0151427	0.000387073	0.253471	9.13625
1139	0.0151448	0.000387129	0.253508	9.13756
1140	0.0150998	0.000385979	0.252754	9.11041
1141	0.0150918	0.000385773	0.25262	9.10555
1142	0.0151418	0.000387053	0.253458	9.13575
1143	0.0150509	0.000384728	0.251936	9.08089
1144	0.0151074	0.000386171	0.25288	9.11494
1145	0.0150585	0.000384921	0.252062	9.08543
1146	0.0150311	0.000384222	0.251604	9.06893
1147	0.0150076	0.000383622	0.251211	9.05477
1148	0.0149989	0.000383398	0.251064	9.0495
1149	0.0149979	0.000383373	0.251048	9.04891
1150	0.0149817	0.000382959	0.250777	9.03913
1151	0.0149952	0.000383303	0.251002	9.04725
1152	0.0149335	0.000381726	0.24997	9.01003
1153	0.014994	0.000383273	0.250982	9.04654
1154	0.0149214	0.000381416	0.249767	9.00272
1155	0.014955	0.000382277	0.25033	9.02303
1156	0.0149182	0.000381336	0.249714	9.00083
1157	0.0148971	0.000380796	0.24936	8.98807
1158	0.0149421	0.000381945	0.250113	9.01521
1159	0.0149205	0.000381395	0.249753	9.00223
1160	0.0148887	0.000380581	0.24922	8.983
1161	0.0149026	0.000380936	0.249452	8.99139
1162	0.0148844	0.000380471	0.249148	8.9804
1163	0.014904	0.000380972	0.249475	8.99222
1164	0.0149018	0.000380916	0.249439	8.99091
1165	0.0148625	0.000379913	0.248782	8.96724
1166	0.0148185	0.000378786	0.248044	8.94064
1167	0.014807	0.000378492	0.247852	8.9337
1168	0.0147597	0.000377284	0.247061	8.90519
1169	0.0147948	0.000378182	0.247649	8.92639
1170	0.0148159	0.00037872	0.248001	8.93907
1171	0.0148486	0.000379556	0.248548	8.9588
1172	0.0147353	0.000376661	0.246653	8.89048
1173	0.0147887	0.000378024	0.247545	8.92265
1174	0.0147442	0.000376887	0.246801	8.89581
1175	0.0147599	0.00037729	0.247065	8.90532
1176	0.0147444	0.000376893	0.246805	8.89596
1177	0.0147151	0.000376144	0.246314	8.87827
1178	0.014733	0.000376601	0.246613	8.88905
1179	0.0147056	0.000375901	0.246155	8.87253
1180	0.0146577	0.000374678	0.245354	8.84367
1181	0.0146801	0.00037525	0.245729	8.85717
1182	0.0146461	0.00037438	0.245159	8.83663
1183	0.014682	0.000375298	0.24576	8.8583
1184	0.0146643	0.000374846	0.245464	8.84764
1185	0.0146374	0.000374158	0.245014	8.8314
1186	0.0146664	0.0003749	0.245499	8.84891
1187	0.0146006	0.000373217	0.244397	8.80918
1188	0.014602	0.000373254	0.244422	8.81006
1189	0.0146187	0.000373681	0.244701	8.82013
1190	0.014614	0.000373559	0.244621	8.81726
1191	0.0145467	0.000371839	0.243495	8.77666
1192	0.0146019	0.000373252	0.24442	8.81001
1193	0.0145542	0.000372031	0.243621	8.7812
1194	0.014547	0.000371847	0.2435	8.77685
1195	0.0145315	0.000371451	0.243241	8.7675
1196	0.0145362	0.000371572	0.24332	8.77035
1197	0.0145249	0.000371282	0.24313	8.76352
1198	0.0144954	0.000370529	0.242637	8.74574
1199	0.0145058	0.000370793	0.24281	8.75198
1200	0.0144912	0.000370421	0.242567	8.7432
1201	0.0144275	0.000368791	0.241499	8.70473
1202	0.0144945	0.000370505	0.242621	8.74516
1203	0.0144186	0.000368564	0.241351	8.69936
1204	0.0143896	0.000367824	0.240866	8.68189
1205	0.0144456	0.000369254	0.241803	8.71566
1206	0.0144043	0.000368198	0.241111	8.69073
1207	0.0144119	0.000368395	0.24124	8.69536
1208	0.0144338	0.000368955	0.241606	8.70858
1209	0.0144081	0.000368296	0.241175	8.69303
1210	0.0143897	0.000367826	0.240867	8.68193
1211	0.014389	0.000367809	0.240856	8.68153
1212	0.0143535	0.000366901	0.240261	8.6601
1213	0.0143963	0.000367995	0.240978	8.68593
1214	0.0143434	0.000366644	0.240093	8.65403
1215	0.014336	0.000366454	0.239969	8.64955
1216	0.014296	0.000365432	0.239299	8.62543
1217	0.0143144	0.000365902	0.239607	8.63652
1218	0.0142841	0.000365128	0.2391	8.61826
1219	0.0142944	0.000365391	0.239273	8.62448
1220	0.0142674	0.0003647	0.23882	8.60815
1221	0.0142622	0.000364568	0.238733	8.60503
1222	0.0142252	0.000363621	0.238113	8.58268
1223	0.0142343	0.000363854	0.238266	8.58818
1224	0.0142118	0.000363279	0.237889	8.57461
1225	0.0142701	0.000364768	0.238865	8.60977
1226	0.0142246	0.000363607	0.238104	8.58235
1227	0.0142139	0.000363331	0.237924	8.57585
1228	0.0142585	0.000364472	0.238671	8.60278
1229	0.0141532	0.000361781	0.236908	8.53925
1230	0.0142159	0.000363382	0.237957	8.57706
1231	0.0141994	0.000362963	0.237683	8.56715
1232	0.0141949	0.000362847	0.237606	8.56441
1233	0.0141627	0.000362024	0.237068	8.54499
1234	0.0141421	0.000361496	0.236722	8.53254
1235	0.0141639	0.000362054	0.237088	8.54571
1236	0.0141072	0.000360605	0.236139	8.51151
1237	0.0141496	0.000361688	0.236848	8.53707
1238	0.0140755	0.000359794	0.235608	8.49236
1239	0.0140911	0.000360193	0.235869	8.50177
1240	0.0141269	0.000361108	0.236468	8.52336
1241	0.0140785	0.00035987	0.235657	8.49416
1242	0.014058	0.000359347	0.235315	8.48181
1243	0.014048	0.000359091	0.235147	8.47577
1244	0.0140229	0.000358449	0.234727	8.46061
1245	0.0140524	0.000359204	0.235221	8.47844
1246	0.0140122	0.000358178	0.234549	8.45421
1247	0.0140121	0.000358173	0.234546	8.4541
1248	0.0139565	0.000356754	0.233617	8.4206
1249	0.0139856	0.000357498	0.234104	8.43816
1250	0.0139578	0.000356785	0.233637	8.42134
1251	0.013935	0.000356202	0.233256	8.40758
1252	0.0139547	0.000356706	0.233585	8.41947
1253	0.0139367	0.000356247	0.233285	8.40864
1254	0.013979	0.000357329	0.233993	8.43417
1255	0.0139468	0.000356504	0.233453	8.41471
1256	0.0139741	0.000357202	0.23391	8.43117
1257	0.0139098	0.000355559	0.232834	8.3924
1258	0.0138689	0.000354513	0.232149	8.36771
1259	0.0138886	0.000355016	0.232479	8.37959
1260	0.0138827	0.000354866	0.23238	8.37604
1261	0.0138515	0.000354068	0.231858	8.35721
1262	0.0138581	0.000354239	0.23197	8.36123
1263	0.0138282	0.000353473	0.231468	8.34316
1264	0.0138585	0.000354247	0.231975	8.36142
1265	0.0138336	0.000353611	0.231559	8.34643
1266	0.0138401	0.000353777	0.231668	8.35035
1267	0.0138303	0.000353527	0.231504	8.34444
1268	0.0138252	0.000353396	0.231418	8.34134
1269	0.0137984	0.000352711	0.23097	8.32519
1270	0.0137993	0.000352736	0.230985	8.32576
1271	0.0137073	0.000350383	0.229445	8.27022
1272	0.0137732	0.000352069	0.230549	8.31001
1273	0.0137094	0.000350437	0.22948	8.2715
1274	0.013769	0.000351961	0.230478	8.30746
1275	0.0137386	0.000351184	0.229969	8.28913
1276	0.0137631	0.000351809	0.230378	8.30388
1277	0.0137207	0.000350726	0.229669	8.27832
1278	0.0137505	0.000351486	0.230167	8.29627
1279	0.0136747	0.000349551	0.2289	8.25058
1280	0.0136697	0.000349421	0.228815	8.24753
1281	0.0137038	0.000350294	0.229386	8.26812
1282	0.0136371	0.000348587	0.228269	8.22784
1283	0.0136729	0.000349504	0.228869	8.24947
1284	0.0136416	0.000348704	0.228345	8.2306
1285	0.0136456	0.000348806	0.228412	8.23301
1286	0.0136302	0.000348412	0.228154	8.2237
1287	0.0136295	0.000348393	0.228142	8.22326
1288	0.0136402	0.000348668	0.228322	8.22974
1289	0.0136064	0.000347805	0.227756	8.20937
1290	0.0135833	0.000347212	0.227368	8.19538
1291	0.0135772	0.000347057	0.227267	8.19171
1292	0.0135611	0.000346646	0.226997	8.18201
1293	0.0135608	0.000346638	0.226993	8.18184
1294	0.0135367	0.000346022	0.226589	8.16728
1295	0.0135395	0.000346094	0.226637	8.169
1296	0.0135301	0.000345853	0.226479	8.16331
1297	0.0134989	0.000345055	0.225956	8.14446
1298	0.0135119	0.000345387	0.226173	8.1523
1299	0.0135005	0.000345096	0.225983	8.14545
1300	0.0135449	0.000346231	0.226726	8.17223
1301	0.013488	0.000344778	0.225775	8.13794
1302	0.013492	0.00034488	0.225841	8.14034
1303	0.0134359	0.000343446	0.224902	8.1065
1304	0.0134743	0.000344426	0.225544	8.12963
1305	0.0135051	0.000345213	0.226059	8.1482
1306	0.0134513	0.000343838	0.225159	8.11574
1307	0.0134549	0.000343931	0.22522	8.11794
1308	0.0134248	0.000343163	0.224717	8.09981
1309	0.0134345	0.000343411	0.224879	8.10565
1310	0.0134267	0.000343211	0.224749	8.10095
1311	0.013351	0.000341275	0.223481	8.05526
1312	0.0134056	0.000342671	0.224395	8.08821
1313	0.0133833	0.000342101	0.224022	8.07475
1314	0.0133652	0.000341637	0.223718	8.0638
1315	0.0133429	0.000341069	0.223346	8.05039
1316	0.0133445	0.000341109	0.223372	8.05133
1317	0.0133269	0.000340658	0.223077	8.04069
1318	0.0133298	0.000340733	0.223125	8.04244
1319	0.0133004	0.000339982	0.222634	8.02473
1320	0.0132941	0.00033982	0.222528	8.02091
1321	0.013246	0.000338591	0.221723	7.99189
1322	0.0132239	0.000338027	0.221354	7.97859
1323	0.0132726	0.000339272	0.222169	8.00797
1324	0.0132873	0.000339648	0.222415	8.01685
1325	0.0132454	0.000338577	0.221714	7.99156
1326	0.013218	0.000337875	0.221254	7.97501
1327	0.0132603	0.000338956	0.221962	8.00051
1328	0.013246	0.000338591	0.221723	7.9919
1329	0.0132242	0.000338033	0.221358	7.97873
1330	0.0132195	0.000337915	0.22128	7.97593
1331	0.0132333	0.000338265	0.22151	7.98421
1332	0.0131879	0.000337105	0.22075	7.95682
1333	0.0131976	0.000337355	0.220913	7.96271
1334	0.0131768	0.000336822	0.220564	7.95013
1335	0.013152	0.000336187	0.220149	7.93516
1336	0.0131344	0.000335739	0.219856	7.92459
1337	0.0131718	0.000336696	0.220482	7.94716
1338	0.0131393	0.000335864	0.219937	7.92752
1339	0.0131282	0.000335579	0.219751	7.92081
1340	0.0131208	0.000335392	0.219628	7.91638
1341	0.0131125	0.000335179	0.219489	7.91137
1342	0.0131054	0.000334997	0.219369	7.90707
1343	0.0131387	0.000335848	0.219927	7.92715
1344	0.01308	0.000334348	0.218945	7.89175
1345	0.0129767	0.000331708	0.217216	7.82944
1346	0.0130499	0.000333579	0.218441	7.87361
1347	0.0130274	0.000333002	0.218063	7.85999
1348	0.0130686	0.000334057	0.218754	7.88489
1349	0.0130594	0.000333822	0.2186	7.87932
1350	0.0130023	0.000332361	0.217643	7.84484
1351	0.0130645	0.000333952	0.218685	7.88239
1352	0.013034	0.000333172	0.218174	7.86399
1353	0.013018	0.000332762	0.217906	7.85432
1354	0.0130226	0.000332881	0.217984	7.85713
1355	0.0129715	0.000331573	0.217128	7.82626
1356	0.0129897	0.000332041	0.217434	7.83729
1357	0.0129686	0.000331501	0.21708	7.82454
1358	0.0129268	0.000330431	0.21638	7.7993
1359	0.0129367	0.000330684	0.216545	7.80527
1360	0.0129532	0.000331107	0.216822	7.81525
1361	0.0129187	0.000330226	0.216245	7.79445
1362	0.0129393	0.000330752	0.21659	7.80688
1363	0.0129877	0.00033199	0.2174	7.83608
1364	0.0128804	0.000329247	0.215604	7.77135
1365	0.0128704	0.00032899	0.215436	7.76527
1366	0.0129098	0.000329997	0.216095	7.78904
1367	0.0128838	0.000329333	0.21566	7.77337
1368	0.0128946	0.000329608	0.215841	7.77987
1369	0.0129018	0.000329793	0.215962	7.78424
1370	0.0128043	0.000327301	0.21433	7.72542
1371	0.0128833	0.00032932	0.215652	7.77307
1372	0.0128067	0.000327363	0.21437	7.72687
1373	0.0128497	0.000328462	0.21509	7.75281
1374	0.0127656	0.000326311	0.213682	7.70205
1375	0.0127805	0.000326692	0.213931	7.71104
1376	0.0128149	0.000327571	0.214507	7.73179
1377	0.0127816	0.000326719	0.213949	7.71169
1378	0.0127672	0.000326353	0.213709	7.70304
1379	0.0127555	0.000326053	0.213512	7.69595
1380	0.0127813	0.000326713	0.213944	7.71152
1381	0.0127878	0.000326879	0.214053	7.71545
1382	0.0127364	0.000325565	0.213193	7.68444
1383	0.0127179	0.000325093	0.212884	7.6733
1384	0.0127292	0.00032538	0.213072	7.68007
1385	0.0126998	0.00032463	0.212581	7.66237
1386	0.0127105	0.000324903	0.21276	7.66882
1387	0.0126501	0.00032336	0.211749	7.63238
1388	0.0127083	0.000324847	0.212723	7.66748
1389	0.0126634	0.000323698	0.211971	7.64038
1390	0.0126572	0.00032354	0.211867	7.63665
1391	0.0126462	0.00032326	0.211684	7.63003
1392	0.0126713	0.0003239	0.212103	7.64515
1393	0.0126015	0.000322117	0.210935	7.60306
1394	0.0126004	0.000322088	0.210916	7.60237
1395	0.0126447	0.00032322	0.211658	7.62909
1396	0.0126312	0.000322877	0.211433	7.62099
1397	0.012625	0.000322717	0.211328	7.61722
1398	0.0125825	0.000321632	0.210618	7.59161
1399	0.0125901	0.000321826	0.210745	7.59618
1400	0.012584	0.000321669	0.210642	7.59247
1401	0.0125513	0.000320832	0.210094	7.57273
1402	0.0125634	0.000321143	0.210297	7.58006
1403	0.0125426	0.000320612	0.20995	7.56754
1404	0.0125279	0.000320235	0.209703	7.55864
1405	0.0124716	0.000318795	0.20876	7.52465
1406	0.012545	0.000320672	0.209989	7.56895
1407	0.0125167	0.00031995	0.209516	7.55189
1408	0.0124463	0.000318148	0.208336	7.50938
1409	0.0124525	0.000318307	0.20844	7.51314
1410	0.0124812	0.000319041	0.208921	7.53045
1411	0.0125103	0.000319786	0.209409	7.54804
1412	0.012487	0.00031919	0.209019	7.53397
1413	0.0124749	0.000318882	0.208816	7.52669
1414	0.0124732	0.000318837	0.208787	7.52563
1415	0.0124763	0.000318917	0.20884	7.52753
1416	0.0124283	0.000317688	0.208035	7.49852
1417	0.0123925	0.000316775	0.207437	7.47697
1418	0.0124089	0.000317194	0.207711	7.48685
1419	0.0123823	0.000316514	0.207266	7.47081
1420	0.0123661	0.000316101	0.206995	7.46105
1421	0.0123814	0.00031649	0.207251	7.47024
1422	0.0124075	0.000317159	0.207688	7.48602
1423	0.0124374	0.000317921	0.208187	7.50402
1424	0.0123469	0.000315607	0.206672	7.44941
1425	0.0123544	0.000315801	0.206799	7.45396
1426	0.0123232	0.000315003	0.206277	7.43515
1427	0.0123505	0.000315701	0.206734	7.45162
1428	0.0123619	0.000315993	0.206925	7.45851
1429	0.0123205	0.000314933	0.206231	7.43348
1430	0.0122688	0.000313612	0.205366	7.40231
1431	0.0122868	0.000314072	0.205667	7.41317
1432	0.0123227	0.000314991	0.206269	7.43486
1433	0.0122884	0.000314112	0.205693	7.41411
1434	0.0123176	0.000314859	0.206182	7.43174
1435	0.0123164	0.00031483	0.206163	7.43105
1436	0.0122575	0.000313323	0.205177	7.39549
1437	0.0122617	0.000313431	0.205247	7.39804
1438	0.0122477	0.000313072	0.205012	7.38956
1439	0.0122137	0.000312204	0.204444	7.36908
1440	0.0121871	0.000311523	0.203998	7.35301
1441	0.0121686	0.000311051	0.203689	7.34186
1442	0.0122089	0.00031208	0.204363	7.36615
1443	0.0122166	0.000312277	0.204492	7.37081
1444	0.0121818	0.000311388	0.203909	7.3498
1445	0.0121973	0.000311784	0.204169	7.35917
1446	0.0121922	0.000311655	0.204084	7.35612
1447	0.0122067	0.000312025	0.204326	7.36484
1448	0.012186	0.000311496	0.20398	7.35237
1449	0.012165	0.000310959	0.203628	7.33968
1450	0.0121756	0.000311231	0.203807	7.34611
1451	0.0121041	0.000309401	0.202608	7.30292
1452	0.0121269	0.000309985	0.20299	7.31669
1453	0.0120995	0.000309284	0.202531	7.30014
1454	0.0120994	0.000309282	0.20253	7.3001
1455	0.0121106	0.000309567	0.202717	7.30684
1456	0.0121281	0.000310017	0.203011	7.31744
1457	0.0120904	0.000309053	0.20238	7.2947
1458	0.0120399	0.000307762	0.201535	7.26423
1459	0.0120315	0.000307547	0.201394	7.25914
1460	0.0120439	0.000307863	0.201601	7.2666
1461	0.0120741	0.000308634	0.202106	7.28482
1462	0.0120218	0.000307298	0.201231	7.25327
1463	0.0120216	0.000307293	0.201228	7.25315
1464	0.0120547	0.00030814	0.201782	7.27315
1465	0.0120163	0.000307158	0.20114	7.24998
1466	0.0119774	0.000306164	0.200489	7.22651
1467	0.0119998	0.000306737	0.200864	7.24004
1468	0.011966	0.000305872	0.200297	7.21962
1469	0.0120239	0.000307352	0.201267	7.25456
1470	0.0120245	0.000307367	0.201276	7.2549
1471	0.011951	0.000305489	0.200046	7.21057
1472	0.0119839	0.00030633	0.200597	7.23042
1473	0.0119053	0.000304321	0.199281	7.183
1474	0.0118955	0.000304069	0.199117	7.17706
1475	0.0119131	0.00030452	0.199412	7.18771
1476	0.0119139	0.00030454	0.199425	7.18819
1477	0.0119011	0.000304214	0.199212	7.18049
1478	0.0119085	0.000304403	0.199336	7.18495
1479	0.0119139	0.000304541	0.199425	7.18819
1480	0.01191	0.00030444	0.199359	7.18581
1481	0.0118715	0.000303455	0.198715	7.16258
1482	0.0119196	0.000304687	0.199521	7.19164
1483	0.0118823	0.000303734	0.198897	7.16914
1484	0.0118643	0.000303271	0.198594	7.15823
1485	0.0118747	0.000303537	0.198768	7.1645
1486	0.0118757	0.000303565	0.198787	7.16517
1487	0.0118269	0.000302317	0.197969	7.1357
1488	0.0118413	0.000302684	0.19821	7.14438
1489	0.0118214	0.000302176	0.197877	7.13237
1490	0.0118932	0.000304011	0.199079	7.1757
1491	0.0118447	0.00030277	0.198266	7.14641
1492	0.0117567	0.000300522	0.196794	7.09335
1493	0.011838	0.000302599	0.198154	7.14237
1494	0.0117164	0.000299493	0.19612	7.06905
1495	0.0117561	0.000300507	0.196784	7.09298
1496	0.0117913	0.000301406	0.197373	7.1142
1497	0.0117618	0.000300653	0.19688	7.09644
1498	0.0117667	0.000300778	0.196961	7.09937
1499	0.0117393	0.000300079	0.196503	7.08287
5000	0.00423514	0.000108258	0.0708915	2.55525
10000	0.00377171	9.64116e-05	0.0631342	2.27564
15000	0.00363145	9.28263e-05	0.0607864	2.19102
20000	0.00340269	8.69788e-05	0.0569572	2.05299
25000	0.00326161	8.33726e-05	0.0545957	1.96787
30000	0.00310403	7.93445e-05	0.0519579	1.8728
35000	0.00302473	7.73175e-05	0.0506306	1.82495
40000	0.00297725	7.61038e-05	0.0498358	1.79631
45000	0.00291787	7.4586e-05	0.0488419	1.76048
50000	0.00281532	7.19645e-05	0.0471252	1.69861
55000	0.00280908	7.1805e-05	0.0470208	1.69484
60000	0.00271943	6.95134e-05	0.0455201	1.64075
65000	0.00266688	6.81702e-05	0.0446406	1.60905
70000	0.00271192	6.93214e-05	0.0453945	1.63622
75000	0.0025212	6.44462e-05	0.042202	1.52115
80000	0.0025686	6.5658e-05	0.0429955	1.54975
85000	0.00253925	6.49077e-05	0.0425041	1.53204
90000	0.00241406	6.17077e-05	0.0404087	1.45651
95000	0.0024765	6.33037e-05	0.0414538	1.49418
100000	0.00250476	6.40261e-05	0.0419269	1.51123
105000	0.00241555	6.17456e-05	0.0404335	1.45741
110000	0.00243441	6.22279e-05	0.0407493	1.46879
115000	0.00236727	6.05117e-05	0.0396255	1.42828
120000	0.00232389	5.94026e-05	0.0388992	1.4021
125000	0.00231769	5.92443e-05	0.0387955	1.39837
130000	0.00229905	5.87677e-05	0.0384835	1.38712
135000	0.00230371	5.8887e-05	0.0385616	1.38993
140000	0.00230301	5.88689e-05	0.0385497	1.38951
145000	0.00223994	5.72568e-05	0.037494	1.35145
150000	0.00226622	5.79286e-05	0.037934	1.36731
155000	0.00223446	5.71167e-05	0.0374023	1.34815
160000	0.00218576	5.5872e-05	0.0365872	1.31877
165000	0.00217853	5.56872e-05	0.0364662	1.31441
170000	0.0021153	5.40708e-05	0.0354077	1.27625
175000	0.00217173	5.55132e-05	0.0363523	1.3103
180000	0.00209861	5.36441e-05	0.0351283	1.26618
185000	0.00213031	5.44545e-05	0.035659	1.28531
190000	0.00207829	5.31247e-05	0.0347882	1.25392
195000	0.0020982	5.36337e-05	0.0351215	1.26594
200000	0.00206645	5.2822e-05	0.03459	1.24678
205000	0.00205865	5.26228e-05	0.0344595	1.24208
210000	0.00205342	5.2489e-05	0.0343719	1.23892
215000	0.00203467	5.20099e-05	0.0340581	1.22761
220000	0.00199265	5.09356e-05	0.0333547	1.20225
225000	0.00200539	5.12614e-05	0.033568	1.20994
230000	0.00198934	5.08511e-05	0.0332994	1.20026
235000	0.00200589	5.1274e-05	0.0335763	1.21024
240000	0.00200919	5.13585e-05	0.0336316	1.21223
245000	0.00199364	5.0961e-05	0.0333713	1.20285
250000	0.00197246	5.04195e-05	0.0330167	1.19007
255000	0.00197741	5.05461e-05	0.0330996	1.19306
260000	0.00199594	5.10197e-05	0.0334097	1.20424
265000	0.0019891	5.08448e-05	0.0332952	1.20011
270000	0.00193728	4.95202e-05	0.0324278	1.16885
275000	0.00198555	5.07542e-05	0.0332359	1.19797
280000	0.0019785	5.05739e-05	0.0331178	1.19372
285000	0.00189663	4.84812e-05	0.0317474	1.14432
290000	0.00191133	4.88571e-05	0.0319936	1.15319
295000	0.0019211	4.91068e-05	0.0321571	1.15909
300000	0.00190876	4.87913e-05	0.0319505	1.15164
305000	0.0018565	4.74554e-05	0.0310757	1.12011
310000	0.00191248	4.88863e-05	0.0320127	1.15388
315000	0.00189076	4.83312e-05	0.0316492	1.14078
320000	0.00187424	4.7909e-05	0.0313727	1.13082
325000	0.00183626	4.69381e-05	0.030737	1.1079
330000	0.00186638	4.7708e-05	0.0312411	1.12607
335000	0.00183015	4.6782e-05	0.0306347	1.10421
340000	0.00188398	4.81578e-05	0.0315356	1.13669
345000	0.00187291	4.78748e-05	0.0313503	1.13001
350000	0.00186905	4.77762e-05	0.0312858	1.12768
355000	0.00191331	4.89076e-05	0.0320267	1.15439
360000	0.00185252	4.73538e-05	0.0310091	1.11771
365000	0.00187262	4.78675e-05	0.0313456	1.12984
370000	0.00187052	4.78138e-05	0.0313104	1.12857
375000	0.00186772	4.77421e-05	0.0312635	1.12688
380000	0.00185351	4.73789e-05	0.0310256	1.1183
385000	0.0018814	4.80918e-05	0.0314924	1.13513
390000	0.00187979	4.80508e-05	0.0314656	1.13416
395000	0.00183164	4.68199e-05	0.0306595	1.10511
400000	0.00185099	4.73145e-05	0.0309834	1.11678
405000	0.00186187	4.75928e-05	0.0311656	1.12335
410000	0.00189305	4.83896e-05	0.0316875	1.14216
415000	0.00180918	4.62459e-05	0.0302837	1.09156
420000	0.00182431	4.66325e-05	0.0305368	1.10068
425000	0.00184246	4.70965e-05	0.0308407	1.11164
430000	0.00183567	4.69229e-05	0.030727	1.10754
435000	0.00183823	4.69884e-05	0.0307699	1.10909
440000	0.00181254	4.63318e-05	0.0303399	1.09359
445000	0.00182902	4.6753e-05	0.0306157	1.10353
450000	0.00181745	4.64572e-05	0.030422	1.09655
455000	0.00179356	4.58465e-05	0.0300222	1.08213
460000	0.00178802	4.5705e-05	0.0299294	1.07879
465000	0.00178057	4.55146e-05	0.0298048	1.0743
470000	0.0017749	4.53695e-05	0.0297098	1.07087
475000	0.00174933	4.47159e-05	0.0292818	1.05545
480000	0.00174576	4.46247e-05	0.029222	1.05329
485000	0.0017618	4.50347e-05	0.0294906	1.06297
490000	0.00174529	4.46128e-05	0.0292143	1.05301
495000	0.00177771	4.54414e-05	0.0297569	1.07257
500000	0.00174137	4.45126e-05	0.0291486	1.05065
505000	0.00174017	4.44818e-05	0.0291285	1.04992
510000	0.00173455	4.43382e-05	0.0290344	1.04653
515000	0.00177996	4.54988e-05	0.0297944	1.07393
520000	0.0017359	4.43726e-05	0.0290569	1.04734
525000	0.00174114	4.45067e-05	0.0291448	1.05051
530000	0.00176734	4.51762e-05	0.0295832	1.06631
535000	0.00174905	4.47089e-05	0.0292772	1.05528
540000	0.0017422	4.45337e-05	0.0291625	1.05115
545000	0.00176097	4.50135e-05	0.0294767	1.06247
550000	0.00176603	4.51428e-05	0.0295613	1.06552
555000	0.00170184	4.3502e-05	0.0284869	1.0268
560000	0.00174388	4.45766e-05	0.0291906	1.05216
565000	0.00172344	4.40541e-05	0.0288484	1.03983
570000	0.00169554	4.3341e-05	0.0283814	1.023
575000	0.00171368	4.38047e-05	0.0286851	1.03394
580000	0.00171683	4.38852e-05	0.0287378	1.03584
585000	0.00172554	4.41078e-05	0.0288835	1.04109
590000	0.00169938	4.34392e-05	0.0284457	1.02531
595000	0.00173483	4.43453e-05	0.029039	1.0467
600000	0.00170724	4.364e-05	0.0285772	1.03005
605000	0.00169257	4.3265e-05	0.0283316	1.0212
610000	0.00167691	4.28648e-05	0.0280696	1.01176
615000	0.00173896	4.4451e-05	0.0291083	1.04919
620000	0.0017043	4.3565e-05	0.0285281	1.02828
625000	0.00169359	4.32912e-05	0.0283488	1.02182
630000	0.00170108	4.34825e-05	0.0284741	1.02634
635000	0.0016826	4.30102e-05	0.0281648	1.01519
640000	0.00166173	4.24766e-05	0.0278154	1.00259
645000	0.0016891	4.31763e-05	0.0282736	1.01911
650000	0.00167167	4.27309e-05	0.0279819	1.00859
655000	0.00167105	4.27149e-05	0.0279714	1.00822
660000	0.0016751	4.28185e-05	0.0280392	1.01066
665000	0.00166397	4.25341e-05	0.0278531	1.00395
670000	0.00173481	4.43447e-05	0.0290387	1.04669
675000	0.00168549	4.30842e-05	0.0282132	1.01693
680000	0.00170235	4.35151e-05	0.0284954	1.0271
685000	0.00171028	4.37178e-05	0.0286282	1.03189
690000	0.00169697	4.33775e-05	0.0284053	1.02386
695000	0.0016382	4.18753e-05	0.0274216	0.988398
700000	0.00164143	4.19577e-05	0.0274756	0.990345
705000	0.00168029	4.29512e-05	0.0281261	1.01379
710000	0.00167085	4.27098e-05	0.0279681	1.0081
715000	0.00166868	4.26543e-05	0.0279318	1.00679
720000	0.00163927	4.19027e-05	0.0274396	0.989045
725000	0.00164356	4.20124e-05	0.0275114	0.991635
730000	0.00167077	4.27078e-05	0.0279668	1.00805
735000	0.00165901	4.24072e-05	0.0277699	1.00095
740000	0.00168779	4.3143e-05	0.0282518	1.01832
745000	0.00163862	4.18861e-05	0.0274287	0.988653
750000	0.00163856	4.18845e-05	0.0274277	0.988617
755000	0.00166194	4.24822e-05	0.0278191	1.00272
760000	0.00165544	4.2316e-05	0.0277102	0.998801
765000	0.00162455	4.15264e-05	0.0271932	0.980164
770000	0.00166474	4.25538e-05	0.0278659	1.00441
775000	0.00162469	4.153e-05	0.0271955	0.98025
780000	0.00162495	4.15366e-05	0.0271998	0.980405
785000	0.00166907	4.26643e-05	0.0279383	1.00702
790000	0.00161069	4.1172e-05	0.0269611	0.971799
795000	0.0016064	4.10625e-05	0.0268894	0.969214
800000	0.00161687	4.133e-05	0.0270646	0.975529
805000	0.00160739	4.10878e-05	0.0269059	0.969811
810000	0.00165285	4.22498e-05	0.0276668	0.997237
815000	0.0016088	4.11239e-05	0.0269296	0.970663
820000	0.00161489	4.12796e-05	0.0270315	0.974338
825000	0.0016163	4.13154e-05	0.027055	0.975184
830000	0.00160154	4.09382e-05	0.026808	0.96628
835000	0.0016212	4.14407e-05	0.027137	0.978141
840000	0.0015981	4.08503e-05	0.0267504	0.964205
845000	0.00162217	4.14656e-05	0.0271534	0.978729
850000	0.00159444	4.07567e-05	0.0266891	0.961995
855000	0.00158533	4.05238e-05	0.0265366	0.9565
860000	0.00159198	4.06939e-05	0.026648	0.960515
865000	0.00158364	4.04807e-05	0.0265084	0.955482
870000	0.00157771	4.0329e-05	0.0264091	0.951902
875000	0.00164142	4.19576e-05	0.0274755	0.990341
880000	0.00159584	4.07925e-05	0.0267125	0.962841
885000	0.00157379	4.02288e-05	0.0263435	0.949537
890000	0.00156111	3.99048e-05	0.0261313	0.941889
895000	0.0016044	4.10113e-05	0.0268559	0.968006
900000	0.00160298	4.0975e-05	0.0268321	0.96715
905000	0.00156919	4.01112e-05	0.0262664	0.946759
910000	0.00160501	4.10269e-05	0.0268661	0.968375
915000	0.00163092	4.16892e-05	0.0272997	0.984005
920000	0.0016139	4.12542e-05	0.0270149	0.973738
925000	0.00159442	4.07563e-05	0.0266888	0.961986
930000	0.00164219	4.19773e-05	0.0274884	0.990808
935000	0.00161397	4.12561e-05	0.0270161	0.973783
940000	0.00162728	4.15963e-05	0.0272389	0.981813
945000	0.00157426	4.02409e-05	0.0263513	0.949821
950000	0.00162783	4.16103e-05	0.0272481	0.982143
955000	0.001602	4.09499e-05	0.0268156	0.966556
960000	0.00162237	4.14707e-05	0.0271567	0.978849
965000	0.00161517	4.12866e-05	0.0270361	0.974505
970000	0.00160676	4.10717e-05	0.0268954	0.969432
975000	0.00161708	4.13355e-05	0.0270681	0.975658
980000	0.00161054	4.11682e-05	0.0269586	0.97171
985000	0.00159819	4.08527e-05	0.026752	0.964262
990000	0.00160832	4.11115e-05	0.0269214	0.97037
995000	0.00159773	4.08408e-05	0.0267442	0.96398
